,id,author.name,text,created_at,protest,tweet_type,predicted_label,score
67060,1596465159127846912,Jürgen,"Die Debatte um die #LetzteGeneration ist völlig aus dem Ruder gelaufen. Blockieren wie am #BER ist gesetzeswidrig und kann gefährlich sein, ja. Aber ziviler Ungehorsam ist weder verfassungsfeindlich noch terroristisch. (1/2)",2022-11-26,lastgen,retweet,offensive,0.8964893817901611
21241,1540271664692428801,Evelyn Acham,Green washing is a climate killer end fossil fuel production. We cannot adopt to loss and damage @Riseupmovt \n#FridaysForFuture https://t.co/mEFBnNEUFD,2022-06-24,fff,retweet,offensive,0.7556858062744141
75077,1592853018113765377,JoJostsee,"Krass, wie haushoch @AimeevanBaalen, die Sprecherin von @AufstandLastGen, einem etablierten Politiker wie @MarkusBlume (noch dazu Wissenschaftsminister in Bayern) argumentativ überlegen ist.\n#ClimateActionNow\n#ClimateJustice \n#maischberger https://t.co/Qvs4uhT05l",2022-11-16,lastgen,retweet,offensive,0.9594562649726868
93471,1584233303460040706,Mülli,"""Die Gesellschaft"" hält Euch nur leider für ziemlich nervig. \nIch brauche niemanden, der sich irgendwo hinklebt, um die Dringlichkeit des Problems zu verstehen. Ein großer Teil der Gesellschaft wird von Euch eher zu Gegnern des Klimaschutzes, so dämlich es ist. https://t.co/ZhRr5Q4oeW",2022-10-23,lastgen,quote,offensive,0.9346287250518799
62128,1599897696030101504,Stefan Brandes 🌻,"Krass:\nEs scheint, als wurden Rettungskräfte von der Berliner Innensenatorin instrumentalisiert!\n\nSollte wirklich nur das erfasst werden, was politisch zur eigenen Erzählung passt?! Unglaublich!\n\n#Klimakrise #LetzteGeneration https://t.co/6gtgqrkh4q",2022-12-05,lastgen,retweet,offensive,0.9750066995620728
63200,1599707192114184194,Chrisman,"@AufstandLastGen Weshalb Ihr eine (Weltuntergangs-)Sekte seid? Weil Ihr Euch in scheinreligiösem Wahn einbildet, die einzig Wissenden zu sein, die die einzige Wahrheit verkünden wollen und nichts anderes akzeptieren. #wahnwichtel #weltuntergangssekte #kilaRAF #Uhutrottel #klimaterror",2022-12-05,lastgen,reply,offensive,0.5534934401512146
73263,1593621961741139968,Bundescanceler ✪,"@VlkrDhr @AufstandLastGen @ClimateHuman @ScientistRebel1 @StayGroundedNet @ambodenbleiben @JustStop_Oil @a22network @UltimaGenerazi1 @letztegenAT Logo! Aber, krass, dass Dein Handle noch frei war... :)",2022-11-18,lastgen,reply,offensive,0.5430737137794495
97227,1577159025082322945,meimer stephanie,@AufstandLastGen umweltverschmutzer!,2022-10-04,lastgen,reply,offensive,0.579071044921875
8570,1574413244390948867,Alex Wolf,"Irre. HG Maaßen hat allen Ernstes erklärt, er befände die Klimabewegung für faschistisch, der Wissenschaftschef der @welt verbreitet derweil haltlose Thesen über russisches Geld hinter #FridaysForFuture.\n\nDas sind keine kruden Meinungen. Das ist Stimmungsmache, und SO gefährlich.",2022-09-26,fff,retweet,offensive,0.7784373760223389
38233,1497895385985171459,Llewelyn Pritchard MA,@SISeneviratne @Peters_Glen @AarneGranlund https://t.co/WvxCsrkVyW  'Digging out' Rotten Roots of Government Mismanagement Canada in our climate crisis. #TrudeauHidesAndLies https://t.co/kbMU9G7nCT #TrudeauOutOfFirstNations #PutinOutOfUkraine #PutinLies #JohnsonLies #PeopleDie #EndSARS #FridaysForFuture #JohnsonOut33,2022-02-27,fff,reply,offensive,0.6840353012084961
54907,1602916790128238604,iLja,"Die Kriminalisierung der Klimabewegung geht weiter. Unsere Solidarität mit den Betroffenen der Hausdurchsuchungen, in den Knästen und allen, die wegen ihrem Kampf für eine bessere und klimagerechte Welt von Repression getroffen werden. https://t.co/FizMhzQugR",2022-12-14,lastgen,retweet,offensive,0.5828242897987366
65957,1596956011889577984,Klimakatastrophe,@talerwaechter @ulfposh @AufstandLastGen @rbb24 @FranziskaHoppen „WIR“ = Menschheit. Jeder Mensch emittiert CO2 und schadet damit dem Klima..,2022-11-27,lastgen,reply,offensive,0.5420761704444885
17796,1553080571672264705,Sandi Walters,"Recent #oceanwarming poses greater ecological threat - a study shows how dire #climatechange and resulting #heatwaves are, wreaking havoc on kelp forests, the diverse array of inhabitants of these forests, and the rest of the #ocean.  #WetTribe #TidetotheOcean #FridaysforFuture https://t.co/kdgWA1lyE2",2022-07-29,fff,retweet,offensive,0.5101280808448792
1848,1599004875437678593,AbolishGQP 🇺🇸🙏🇺🇦🕯,"@TribalIdeas What could you do when a job perk turns into a trap? Emily falls in love and then fights back for life, water, and rights. #sciencefiction #trilogy #darkromance #erotic #furries #femdom #FridaysForFuture #books #scifireads https://t.co/sMbrVAUNAE https://t.co/mtqMKSEYnD",2022-12-03,fff,retweet,offensive,0.5785502791404724
115365,1495011608149512198,Viktor AUGSTEIN,"Essenretter festgenommen❗️ Wann handelt die #Bundesregierung?\nBeim Verschenken von „Diebesgut“ wurde unser Sprecher Tobias heut in #Freiburg festgenommen. \nFestnahme wegen #EssenRetten!? Es ist kriminell, dass genießbares Essen immer noch weggeworfen wird!\nhttps://t.co/h7bzUGkgla",2022-02-19,lastgen,retweet,offensive,0.9117689728736877
41109,1489635965333385217,KlimatSverige,"School strike week 181 in Jokkmokk to protest against the proposed mine in Gállok. This mine would be devastating for  climate, environment and indigenous rights. Sweden must end the colonisation of Sápmi!\n#FridaysForFuture #PeopleNotProfit #NoMineInGállok #StandWithSápmi https://t.co/Dz2E2Q4gGz",2022-02-04,fff,retweet,offensive,0.638979971408844
75268,1592814520527106049,Lady Liberty 🗽,"@maischberger @AufstandLastGen @AimeevanBaalen @DasErste Meine Güte, was für ein Blödsinn",2022-11-16,lastgen,reply,offensive,0.7582182288169861
78048,1591090221940346881,isj,"Natürlich ist es eine Weltuntergangssekte, Sie Hohlkopf. Würde sie sich sonst „Letzte Generation“ nennen?",2022-11-11,lastgen,retweet,offensive,0.6836815476417542
4318,1588521311323975685,SAN 🌍 #FreeLina 🦘🤜🤛🏾,"""Und immer dann wenn einer nimmt von Menschen die kaum etwas haben \n...\nist das ein Fuck you an die Kinder dieser Menschen das sagt: unser Geld ist wichtiger als ihr""\n\nMaike Rosa Vogel \n\nhttps://t.co/SEb9z67rWC\n\n#FridaysForFuture #genugistgenug\n#IchBinArmutsbetroffen",2022-11-04,fff,retweet,offensive,0.5698341131210327
117692,1488574571624153094,danzil,"Ihr seid nicht die #letztegeneration \n\nIhr seid einfache Straftäter, die Leuten auf ihrem Weg zur Arbeit und in ihrem Alltag auf die Nerven gehen. \n\nIhr seid #dasLetztedieserGeneration",2022-02-01,lastgen,retweet,offensive,0.830727219581604
117984,1488285892347404294,Andreas Müller,"@Tafel_DE @AufstandLastGen Vielen Dank für die Klarstellung, aber das es die AfD mit Fakten nicht so hat ist ja leider bekannt. \nEs ist schon beschämend überhaupt auf so eine Idee zu kommen!",2022-01-31,lastgen,retweet,offensive,0.9463247060775757
34040,1506899914256785413,🐝 𝔼𝕄𝕄𝔸 🌸,"Eine Musikerin darf nicht bei einer Demo von #FridaysForFuture #Hannover mit #Dreadlocks auftreten, wegen ""kultureller Aneignung"".\n\nWas für ein wirrer Quatsch.\n\nAlso auch kein Hiphop mehr von Weißen oder Arabern?\nKein Jazz, kein Yoga mehr in Europa?\n\n1/2 https://t.co/vzL8BsAPeZ",2022-03-24,fff,retweet,offensive,0.5898141860961914
64015,1598974813124468736,Puckis_welt,@AufstandLastGen Ein Vater zum schämen 🙈,2022-12-03,lastgen,reply,offensive,0.7799277901649475
98744,1564303661370671104,Lutz Koenig,"Bei Zerstörung von Kulturgut durch die „Letzte Generation“ ist auffällig, dass sie stets von Profi-Fotografen aufgenommen wird. Noch auffälliger ist es, dass sich offensichtlich Fotografen, die für dpa fotografieren, in Dienst der Chaoten stellen. https://t.co/DrnHRYQHHp",2022-08-29,lastgen,retweet,offensive,0.5393223762512207
47017,1607303709763194881,Dieter Tillmann,"Deutschland wütet, weil die Letzte Generation bei einem Gottesdienst für Klimaschutz protestieren wollte. Welch Sakrileg!\n\nAm 08.01.2018 wurde der Immerather Dom für den Braunkohletagebau abgerissen. Einfach so.\n\nDa hat von euch Heuchlern keiner mit der Wimper gezuckt.",2022-12-26,lastgen,retweet,offensive,0.8121898174285889
81532,1589550908215418881,Arnold Hau,"@AufstandLastGen Diese kriminellen Klimasektenjünger #KlimaRAF haben sehr potente Finanzierer wie z.B. den Climate Emergency Fund, der von Leuten Getty mit Geld gefüllt wird. Die haben keine Spenden nötig!\nhttps://t.co/Y11100P7A3",2022-11-07,lastgen,reply,offensive,0.8272895216941833
99773,1562483205092962304,Mr. Unbequem FREIHEIT 🙏🇹🇷🇸🇾🙏,@Raklazz @lkarlx @tricksiebzehn1 @nileon09 @AufstandLastGen Das Verhalten ist dumm.,2022-08-24,lastgen,reply,offensive,0.8144274950027466
105386,1542248054782304256,Linksextremer Rechtspopulist,"Bin absolut nicht einverstanden mit Aktionismus von ""Letzte Generation "". Aber Tatsache ist, dass die Autofahrer verhindern es indem sie keine Rettungsgassen bilden und nicht Aktivisten. Ich als Autofahrer konnte schon lange deshalb kotzen,  bevor sie gab.d https://t.co/GkcPeRLvFi",2022-06-29,lastgen,quote,offensive,0.5660020112991333
111966,1516900624117473280,@radler52@mastodon.social,"Sehr geehrte Bundesregierung,\n\nwir finden es schade, dass Sie auf unser dringendes Anliegen, unser Überleben und das Bestehen der Zivilisation zu schützen, in unserem letzten Brief vom 30. März 2022 nicht reagiert haben.",2022-04-20,lastgen,retweet,offensive,0.5126052498817444
17987,1552924392937635840,türmchenbauer tom,No Time Left For Blah  Blah Blah\n#FridaysForFuture ⁦@Riseupmovt⁩ https://t.co/aOFZnCafYK,2022-07-29,fff,retweet,offensive,0.8009687662124634
72006,1594617420475518976,Denis Güll,@AufstandLastGen @SciReb_Germany @EndFossilBerlin @endfossil @Debt4ClimateDE @AlleDoerfer @ausgeCO2hlt @FfF_Magdeburg @ZDFmagdeburg @spd_lt_lsa @MWU_LSA Wie heißt friedlich? Ihr seid Straftäter.,2022-11-21,lastgen,reply,offensive,0.5132609009742737
58574,1601640708091555847,Audrey,Lukrativer Werbevertrag \n#LetzteGeneration #Klimakleber \n#Priebshow #Satire https://t.co/NTcWMuqCul,2022-12-10,lastgen,retweet,offensive,0.6799246668815613
115346,1495156695294697473,Roy_23,"@AufstandLastGen @DanniPilger @carla_hinrichs_ Es ist wirklich unerträglich. Und bitte hört auf so zu tun, als würdet ihr für eine ganze Generation sprechen. Das tut ihr nicht, ihr sprecht lediglich für einen sehr kleinen Teil von Spinnern.",2022-02-19,lastgen,reply,offensive,0.8873488306999207
95498,1580827271622844416,the Real Psycho 🇺🇦,@AufstandLastGen Andere Menschen in einen Stau zu ZWINGEN ist Gewalt. Alle hassen euch.,2022-10-14,lastgen,reply,offensive,0.7188875079154968
27527,1517606097053442048,squattypotty,@plurality2022 @louismotaal @Patsyip_ @ilyess_ek @MakichyanA @FFF_Berlin @Luisamneubauer ich reisse mir den arsch auf tagtäglich. und dieser jungspund faulenzt.,2022-04-22,fff,reply,offensive,0.5797153115272522
11147,1573271234745438212,Ero Famoso,"Imbrattata la sede della Regione Marche ad Ancona con il fango dell'alluvione. E' la protesta, durante una manifestazione di Fridays For Future, per la mancata allerta e la gestione dell'ondata di maltempo che ha provocato 11 vittime e ingenti danni #ANSA https://t.co/ayZm4DK470 https://t.co/b9WZAB0RUK",2022-09-23,fff,retweet,offensive,0.6026681065559387
92914,1584437465665794048,🔴🤦🍅🥔➡️🪟🖼️ @fitzebutze@troet.cafe,@Hoellenaufsicht @rasenspiesser @AufstandLastGen @ClimateHuman @ScientistRebel1 @Janefonda @MarkRuffalo @InsulateLove @TerliWetter @BlockadeAus @GeorgeMonbiot @OwenJones84 Belastend ist die kollektive Untätigkeit angesichts einer Menschheitskatastrophe.\n#Klimakatastrophe #Klimawandel,2022-10-24,lastgen,reply,offensive,0.8583824634552002
30584,1509153756453253123,Michael Speier,"Vor 2 Jahren wurde Fridays For Future ausgelacht und für verrückt erklärt weil wir gesagt haben, dass Öl &amp; Gas KEINE Alternativen sind. Heute lacht niemand mehr. Wie lange dauert es, bis ihr anerkennt, dass man mit der Klimakatastrophe grundsätzlich keine Kompromisse machen kann?",2022-03-30,fff,retweet,offensive,0.6120014786720276
65227,1597717348668301312,Rudolf Gottfried ™️ 🥝 Fuck TB! 🖕,"@AnnikaJoeres @AufstandLastGen Wow, wie dumm Sie sind. Das ist nur das übliche unterkomplexe #Zeitgeist-Geschnatter einer Kulturschaffenden. Gratismutig und völlig belanglos.\nUnd eine “Weltgemeindschaft” gibt es ebenso wenig wie Weltfrieden. 🙄",2022-11-29,lastgen,reply,offensive,0.6952851414680481
67705,1596232463759859713,BuntundKindermund,Drüben auf #LinkedIn macht sich Einsicht breit. Der Hass gg + der Versuch der #Kriminalisierung von friedlichen Aktivist*innen bewirkt am Ende des Tages das Gegenteil! Das wird immer mehr Menschen klar und bald werden es Gerichte noch mal unterstreichen. #LetzteGeneration #rafdp https://t.co/fSLtwITTZY,2022-11-25,lastgen,retweet,offensive,0.7711702585220337
49705,1605798874576064513,peter meisenstein 🦠🦠🏳️‍🌈🇩🇪,Euer Verfickter Ernst ?\n\nIhr begeht Straftaten und wundert euch dann wenn der Staat seine Mittel ausschöpft um seine Bürger zu schützen ?\n\nIst das wirklich euer dreckiger verfickter Ernst ? https://t.co/N7jSfgeUis,2022-12-22,lastgen,quote,offensive,0.6966100335121155
90911,1585725932379475968,der Sven von nebenan,"@AufstandLastGen Das ist ärgerlich. Das ist wirklich ärgerlich! Wir hatten die Kachel erst für morgen geplant, aber Ihr zwingt uns dazu, sie jetzt zu veröffentlichen. Wir wollen nicht hier sein, wir müssen aber, sonst gibt die Bundesregierung am Ende noch nach und uns entgeht dann Stoff. https://t.co/HSrDd2oInW",2022-10-27,lastgen,retweet,offensive,0.953031063079834
70109,1595807826613526529,Chico Mendez,@AufstandLastGen @SciReb_Germany @Bundeskanzler @OlafScholz 🤣der Typ gehört in die Klappse,2022-11-24,lastgen,reply,offensive,0.5349770188331604
105260,1542506315007664128,ChaosFractal ∞/21M,@walter_weyland @AufstandLastGen Narrative verbeiten ist die Lieblingsbeschäftigung von Ölgesichtern:\nhttps://t.co/n2k2uCpwqj,2022-06-30,lastgen,reply,offensive,0.5043456554412842
72924,1593764430696763393,HGSchBernard ن,"Was ich gestern schrieb - daß die Klima-Terroristen von Medien und Politik gedeckt werden und nur als Einpeitscher fungieren - auf das Schönste bestätigt durch diesen Text von @AdahamBoos zur Verniedlichung der ""Aktivisten"" durch den Verfassungsschutz.\nhttps://t.co/daLCVCH7Sk",2022-11-19,lastgen,retweet,offensive,0.5399633049964905
80137,1590258055349907456,Hans Meier,"Das muss man sich erstmal auf der Zunge zergehen lassen. Die Polizei sieht, dass die #LetzteGeneration offensichtlich eine Straftat begeht. Und was macht die Polizei? Fährt einfach weg. Damit macht Ihr euch zu Mittätern.https://t.co/GKuoCKNSq6",2022-11-09,lastgen,retweet,offensive,0.7292284369468689
89338,1587133367534886912,Caius,"@AufstandLastGen Ihr könnt schreiben, was Ihr wiollt, Ihr seid menschenverachtendes Gesindel.\n\nSo geht kein Klimaschutz.\n\nhttps://t.co/uz18GoVYcw",2022-10-31,lastgen,retweet,offensive,0.8933359980583191
109758,1528640058286284801,Ulrike Beudgen fediverse: #Piratenpolitik,"Fassungslos lesend\nSchaut hier mal nicht weg. #letztegeneration #KlimakatastropheIstJetzt \nDie Dummheit der Reichen \nDie Reichen der Welt täten gut daran, lieber an der Rettung der Menschheit mitzuarbeiten – in ihrem eigenen Interesse. \nhttps://t.co/HcLBXCBo9A",2022-05-23,lastgen,retweet,offensive,0.539129912853241
64459,1598595670495076352,Bille⚡🔥💫,Die Aggression gegen #LetzteGeneration verschärft sich weiter. #Klimaaktivisten werden kriminalisiert. Von bürgerlicher #Mitte im trauten Einklang mit rechtem Rand. \n\nDie eigentlich Kriminellen aber werden geschützt! Klimazerstörende Konzerne und ihre Lobbyisten in der Politik. https://t.co/cYKtyJ5EFd,2022-12-02,lastgen,retweet,offensive,0.585874617099762
101668,1549676934258462721,Jörn Sielemann,"@bullenpoebler @mara_bakery @AufstandLastGen @elhotzo 😂😂 warum auf einmal? Ich sag die ganze Zeit das die Intention gut ist die Ausführung aber mehr als scheisse. Lern doch erstmal lesen und verstehen, dann können wir uns unterhalten.",2022-07-20,lastgen,reply,offensive,0.8118860721588135
29441,1512340287494008836,JennyH,"#FridaysForFuture Week 82\n\nYesterday 1,000 scientists worlwide engaged themselves in civil disobedience calling 4 revolutionary economic system change 2 avoid #ClimateExtinction.If 1 of the main climate experts in the🌏,😭choking up as he says“we’re aiming 4 a f*cking disaster""🧵 https://t.co/5ReRSV1ryD",2022-04-08,fff,retweet,offensive,0.6737846732139587
84469,1588548235467325440,#ExileAltonaian - HH (🖤An✊🏻Ti✊🏿Fa❤) 💙☮💛,"Was ist nur los mit Deutschland? Ein Betonmischer überfährt eine Fahrradfahrerin. Das ist schrecklich. Aber es war der Betonmischer, nicht die Letzte Generation! Wieviele Menschen sterben in Deutschland, weil das Auto im Mittelpunkt unserer Städte steht und nicht der Mensch.",2022-11-04,lastgen,retweet,offensive,0.9686028957366943
87903,1587898158130118729,Dr. Schpeckhardt von Fetthausen,"@Oetzbat @AufstandLastGen Sie irren, die sind Legion, befinden sich zu großen Teilen aber aktuell in der Repressions-Beuge-Einzel-Isolations-Folter-Haft der BRD. #Widerstand PS: Biene mit IE. Wichtig, sonst peinlich.",2022-11-02,lastgen,reply,offensive,0.5639777183532715
84283,1588567416061440001,Mahi,"Nie vergessen: das grüne Bundeswirtschaftsministerium unterstützte die #LetzteGeneration mit Fördergeldern in Höhe von 156.420 Euro. Der Steuerzahler finanziert die #Klimaterroristen, die jetzt ein Todesopfer auf dem Gewissen haben. Die gehören in Haft, nicht finanziert!",2022-11-04,lastgen,retweet,offensive,0.6033432483673096
48456,1606564304093847552,Schwanennest,"@jakobsblog @AufstandLastGen Nuhr trifft den Nagel auf den Kopf. Er besitzt gesunden Menschenverstand,  dass da die Intelligenz-Allergiker jaulen ist verständlich.",2022-12-24,lastgen,reply,offensive,0.8156126141548157
90225,1586544311520436224,Detlef Groß,@AufstandLastGen Und spätestens jetzt sollte ein LKW kommen und nicht mehr bremsen können!!! Zu verlockend dieser Gedanke!!!!,2022-10-30,lastgen,reply,offensive,0.5098353028297424
113177,1514281861064888323,Chris,"@HeadSoccer_Main @AufstandLastGen Richtig, sie haben kopfschüttelnd darüber nachgedacht, dass es in der heutigen Zeit immer noch genügend Sektenidi*ten gibt. Das haben die Typen bewirkt, nichts anderes!",2022-04-13,lastgen,reply,offensive,0.634967565536499
69119,1596006014218031104,FR OTTILI,"Wie kann es sein, dass sich Kriminelle am BER mit einer Heckenschere Zugang zur kritischen Infrastruktur verschaffen? Man fragt sich, wie gut Berlin auch vor Terror gesichert ist. Die #LetzteGeneration wird immer gefährlicher. Die Täter müssen endlich Konsequenzen spüren.",2022-11-25,lastgen,retweet,offensive,0.5461862683296204
89337,1587133487424962561,Pascal Zeth,@f1retheg4mer @AufstandLastGen @ScientistRebel1 Wen hab ich bitte Gewalt angedroht ? 🤣🤣🤣🤣🤣🤣🤣🤣🤣🤣🤣 sorry also jetzt wird es lächerlich,2022-10-31,lastgen,reply,offensive,0.7863433957099915
26447,1521513910079303686,netzfrauen☮️,"Es ist erschreckend, denn statt den Klimawandel zu stoppen, Industriestaaten und Konzerne setzen auf den Klimawandel! Die Plünderung der Arktis auch für #Erdgas u. #Erdöl\nhttps://t.co/OfW8B8pKzz\n#Ukraine #LNG @fff_digital",2022-05-03,fff,original,offensive,0.9272199869155884
40335,1491818424057491456,Official #EndSARS Bot,https://t.co/ZbjMx2ZHuP of deciding whether he should pay the price #BorisLies #PeopleDie #ImmoralLeadership #EndSARS #FridaysForFuture #BetrayedVotersTrust \n#Corruption #Cronyism #Fraud #Sleaze #IncompetentGovernment #DumpBorisTrump #JohnsonOut17 #Deception #NoShame,2022-02-10,fff,retweet,offensive,0.6476208567619324
100571,1556877397487648770,Alexandra,Was sagen unsere Klimahüpfer und die letzte Generation zu der größten Umweltverschmutzung seit Menschengedenken???? Das wird noch eine richtige Katastrophe werden. Aber egal hauptsache der Gehorsamkeitsfetzen sitzt.\n#MaskensindkeinmildesMittel https://t.co/oGvvxw6Pza,2022-08-09,lastgen,original,offensive,0.8338653445243835
100452,1558041689029222400,⚜️ Bobba Fett ⚜️ 💙 🇩🇪 🇮🇱 🇺🇸 ⚖🏴‍☠️🏁🆓 🐀,"@Frentzhart2 @AufstandLastGen Ich bin Empört! - Von der Dämlichkeitswelle in der ""Wissenschaft""!",2022-08-12,lastgen,reply,offensive,0.8289733529090881
66140,1596863540375457792,Ahmed Paul Degenhardt,"@AufstandLastGen Frei nach den Blues Brothers ""Die Anwendung unnötiger Gewalt bei der Ergreifung der AufstandLastGen ist genehmigt worden. - Gefunden auf: https://t.co/IwgA7YVOGb",2022-11-27,lastgen,reply,offensive,0.5544191002845764
30574,1509190092769869827,Sinchen von und zu,"Auf der Sponti zum unsäglichen OVG-Urteil zu #Luetzerath mit @fff_muc (merci fürs Organisieren!!), @EG_Muenchen, @MucRebellion &amp; @klimaguerilla - #LuetziBleibt #Luetzerathbleibt https://t.co/SldwCMA0AR",2022-03-30,fff,retweet,offensive,0.962157130241394
67786,1596217775084769287,BananaJoe 🍌,@Beatrix_vStorch @AufstandLastGen Welcher Straftat-Bestand von 315 StGB soll denn hier erfüllt sein? Dieser Tweet wird doch wohl nicht nur wieder sinnbefreite Hetze sein?! 😉😘,2022-11-25,lastgen,reply,offensive,0.6873509287834167
4639,1587384257273643011,Gerd 🇪🇺🇵🇸🇺🇦 🏳️‍🌈🌍@GerdLende@oslo.town,Tim Louis: A dire warning about the end of human civilization due to climate feedback loops\n\n@PCarterClimate\n\nhttps://t.co/GIVQnzZjTG\n\n#FridaysForFuture\n#ClimateCrisis\n#ClimateStrike\n#ClimateDenial\n#EndFossilFuels\n#ClimateTalk\n#stopfossilfuel\n#ClimateChange\n#SavetheBees,2022-11-01,fff,retweet,offensive,0.8235355019569397
60991,1600499494541529088,Micha übersteht Winter ❄️,"Entwarnung! Reichsbürger planten nur bewaffneten Umsturz, hatten aber nicht vor, sich irgendwo festzukleben \n#Razzia #Reichsbürger \nhttps://t.co/qiQnwchR94",2022-12-07,lastgen,retweet,offensive,0.5335234999656677
427,1606921476514656256,Progressive Global Commons,"Week 121. Finnish forestry is bad for the climate, biodiversity and people. What Finland has is a lot of plantations and hardly any natural and old-growth forests. Finland must stop harmful forestry practices and protect and restore more forests. #FridaysForFuture https://t.co/lLvdvlJGNh",2022-12-25,fff,retweet,offensive,0.6714541912078857
93630,1584201926128054273,gurbetci kartal,"@undalleso_yeah @herrMartin @sixtus @AufstandLastGen Wird die Umwelt besser, wenn man Katroffelbrei auf Gemälde kippt? Das ist Essensverschwendung und dumm. Findet bessere Wege für Aufmerksamkeit",2022-10-23,lastgen,reply,offensive,0.6107564568519592
100287,1560579232694419457,silas vegas,@Jogamod @RaphaelKnipping @AufstandLastGen Strafen für Beamte? Wo und wann?\n\nUnd wozu Selbstschutz gegen eine friedliche Sitzblockade? Das ist absolut absurd.\n\nWenn mildere geeignete Mittel zur Verfügung stehen (Wegtragen z.B.) sind die zu wählen.,2022-08-19,lastgen,reply,offensive,0.9253156781196594
6851,1579149747796918272,Thomas Korfsmeier,"Natürlich ist es ein scheiß Kompromiss. Aber deswegen die Grünen volle Breitseite anzugreifen ist doch auch Blödsinn. Die tun was sie können. Sind aber in Koalitionen. Wenn wir das ändern wollen, dann brauchen die Grünen absolute Mehrheiten. FfF hat sie auch nicht. Leider! https://t.co/Zi33WWWVHF",2022-10-09,fff,quote,offensive,0.8768067359924316
8229,1575103985387638784,Schlueri,Nach Demo-Vorfall wirft sich Fridays for Future selbst Rassismus vor! \n👇\nUNBEDINGT DURCHLESEN 😂😩🤦‍♂️🤦‍♂️🤦‍♂️ https://t.co/c0gyKQN6uJ,2022-09-28,fff,retweet,offensive,0.5173617601394653
70688,1595395511929929734,Elfriede,"Einfach zusehen, wie die klimatischen Tippingpoints gerissen werden? Tatenlos ins verheerende gesellschaftliche Chaos rennen? \n\nDas ist für Fabian schon lange keine aushaltbare Alternative mehr! \n\nWie ist das für Dich? Kommst Du mit in den friedlichen Widerstand #FürAlle? https://t.co/cEnQK1aWUq",2022-11-23,lastgen,retweet,offensive,0.5208238363265991
68352,1596133674310852608,Angi Eleba,"Angriff auf BER.  Nach § 315 StGB wird ein gefährlicher Eingriff in den   Luftverkehr mit  Freiheitsstrafe bis 10 Jahren bestraft, in   minder schweren Fällen 3 Monate bis zu 5  Jahren. Greift Gesetz oder Narrenfreiheit für rotgrüne Vorfeldorgansiation? https://t.co/9N9GdghWf9",2022-11-25,lastgen,retweet,offensive,0.5558978915214539
71382,1594954067914403840,weddy82,"@AufstandLastGen @c_lindner Man stelle sich mal vor, ganz normale Bürger*innen würden mit dem gleichen Level an Aggression durch eine Regionalbahn laufen und den Leuten Masken ins Gesicht klatschen. Da wäre euer Geschrei groß. Sind auch Regeln, die verletzt werden. Hier ganz schlimm, da zu vernachlässigen.",2022-11-22,lastgen,reply,offensive,0.7229070663452148
21430,1539375763773956097,Bas van der Veen,"Ich stelle es mir ja auch hart vor, klimapolitischer Sprecher der FDP zu sein - aber das ist nun wirklich lächerlich. \n\nWenn Fridays For Future eines bewirkt hat, dann ist es eine historische Mehrheit für mehr Klimaschutz. Was fehlt, ist eine Regierung, die entsprechend handelt. https://t.co/ytpJEXAivo",2022-06-21,fff,retweet,offensive,0.9293791055679321
113860,1502755636479774724,@HeadSoccer@climatejustice.social,@MelnykAndrij @Jumpsteady @Bundeskanzler Geld für fossile Energie im Jahr 2022 ist eine tödliche Obszönität. \n\nWann beendet die Bundesregierung endlich diesen fossilen Wahnsinn?,2022-03-12,lastgen,retweet,offensive,0.9680134654045105
70763,1595320950785990656,Antonia Luther 😷🌱#AntiPro,"""Sie leisten jetzt gerade Widerstand gegen Vollstreckungsbeamte"".\nNein, definitiv nicht.\nUnd die Androhung von Schmerzen stellt einen Verstoß gegen die Europäische Menschenrechtskonvention dar. Die Unkenntnis vieler Polizist*innen ist erschreckend. \n#Polizeiproblem https://t.co/jaMJ15Wlyp",2022-11-23,lastgen,retweet,offensive,0.9435421824455261
112860,1514692224860180492,Barbara,"In Frankfurt verschüttet die #LetzteGeneration gezielt Öl auf einer Fahrbahn! Eine Radfahrerin stürzt und muss ins Krankenhaus. Was dürfen sich diese durchgeknallten Straftäter in unserem Land eigentlich noch alles erlauben? Was meinen Sie denn, Frau #Faeser?",2022-04-14,lastgen,retweet,offensive,0.695576548576355
85011,1588499165411041282,Hüter der Mark,"Nie vergessen: das grüne Bundeswirtschaftsministerium unterstützte die #LetzteGeneration mit Fördergeldern in Höhe von 156.420 Euro. Der Steuerzahler finanziert die #Klimaterroristen, die jetzt ein Todesopfer auf dem Gewissen haben. Die gehören in Haft, nicht finanziert!",2022-11-04,lastgen,retweet,offensive,0.6033432483673096
76446,1592139821132443648,Sina Amy,"@AufstandLastGen Ihr seid eine Sekte.\nWertlose Apologeten, die falschen Endzeitgurus folgen, die ihre düsteren Prognosen ""Wissenschaft"" nennen.\n\nDazu nötigt ihr Menschen und habt mittelbar mindestens schon ein Menschenleben auf dem Gewissen.\n\nLöscht Euch!",2022-11-14,lastgen,retweet,offensive,0.6124682426452637
75037,1592863955571310593,David | 𝖁𝖋𝕭,Da fällt einem nichts dazu ein… so verstrahlt.,2022-11-16,lastgen,quote,offensive,0.7764217853546143
95463,1580869670286299138,Stahlratte 🐀👍,"@AufstandLastGen Wenn es mit Euch ein Stammheim 2.0 gibt, wird kein Schily kommen, um Euch rauszuboxen. Bei den Grünen hat niemand mehr einen Abschluss.",2022-10-14,lastgen,reply,offensive,0.7697163224220276
67622,1596253373447168006,Sinan,"@AufstandLastGen Ich bedanke mich herzlich, dass ihr so ein wichtiges Thema wie den Klimawandel in den Dreck zieht mit euren Aktionen. Keiner nimmt das Hauptproblem mehr ernst jeder hasst euch und das eigentlich Problem ist nie Thema. Also danke für garnichts.",2022-11-25,lastgen,reply,offensive,0.8387778401374817
117418,1489532647839780867,therealJJ,@AufstandLastGen Danke für euren Einsatz und euren Kampf gegen die globale Verschwendung. Euer Protest ist effektiv und medienwirksam ich befürchte nur dass die Mehrheit der Menschen noch nicht bereit ist das einzusehen. Daher wäre es vermutlich cleverer verstärkte Aufklärungsoffensiven zu fahrn,2022-02-04,lastgen,reply,offensive,0.7552320957183838
50614,1605538319965642753,Andreas und Süsser,@AufstandLastGen Hoffentlich haben sie den Schlüssel verlegt. Schmore in der Hölle!!!!,2022-12-21,lastgen,reply,offensive,0.5496980547904968
77316,1591446239446552576,sky,"@carla_hinrichs_ @AufstandLastGen @Gogowitsch @lebenslaute Bitte, lieber Gott, lass es wirklich die letzte Generation sein!🙏🙏🙏\n\nSo dumme Menschen verkraftet unser Planet nicht weiter.",2022-11-12,lastgen,reply,offensive,0.5426095724105835
77003,1591667149994852352,Equinox 🥝,@AufstandLastGen Verschlechtert ihr die Situation nur.,2022-11-13,lastgen,reply,offensive,0.6355447769165039
71557,1594782883419459600,Frank Hauser,@Bundestanzler @AufstandLastGen Rumpienzen oder was? Feiges Pack ist das.,2022-11-21,lastgen,reply,offensive,0.5565707683563232
74465,1593045124522860544,PARDEY,@Gina_J12 @b_friederike @AufstandLastGen Schon die Zerstörung von Gemälden (Kulturgut) in Museen ist ein absoluter Skandal und muss geahndet werden.,2022-11-17,lastgen,reply,offensive,0.9764754176139832
80769,1589883448579485696,Nemu,"@ReinerAberJa @AufstandLastGen @RaulSemmler @THeatherbell Welcher Wunsch? Von was reden Sie? Einfach nur wirres Geschwafel, aber was erwarte ich auch unter dem Account von dieser Organisation 😂\nBye",2022-11-08,lastgen,reply,offensive,0.8747851848602295
98687,1564566427914444804,Nileon nr.1312 Ⓥ,Heute vor einem Jahr traten 7 Menschen in Berlin in einen unbefristeten Hungerstreik. \n\nForderung: Ein öffentliches Gespräch mit den Kanzlerkandidat*innen über den Mord an der jungen Generation.\n\nEin Jahr später folgen der Letzten Generation 20.000 Menschen!🧡 \n\nEin Blick zurück: https://t.co/znjdNsJNl8,2022-08-30,lastgen,retweet,offensive,0.523905873298645
100223,1561104438118551556,James C. Bond,"Seitdem hat sich die Häufigkeit der Blockaden durch Klimaaktivist*innen deutlich erhöht. Besonders ""Die letzte Generation"" erreichte bundesweit Aufmerksamkeit und zog den Hass von Autofahrer*innen auf sich. Sie wurden regelmäßig mit Schmerzgriffen geräumt.\nhttps://t.co/OfumpQTI01",2022-08-20,lastgen,retweet,offensive,0.502731442451477
89145,1587188019265691652,Lara C,"@FelixStrer1 @AufstandLastGen Und das berechtigt zu solchen Aktionen und man ändert was am Klima.Die Radfahrerin  kämpft augenscheinlich um Ihr Leben. Das ist keine geschätzte Zahl. Es wurde schon v. diesen Klebern bestätigt, dass sie Mitverursacher sind ( Rettunswagen/ Stau) Und dann werden so abartige",2022-10-31,lastgen,reply,offensive,0.7444890737533569
65936,1596973220871036928,@HeadSoccer@climatejustice.social,"Es fällt schwer, jenseits von Zynismus die passenden Worte zu finden, um angesichts solcher Bilder d Absurdität der aggressiven Reaktionen mancher (dafür mitverantwortlichen!) Politiker:innen auf die Aktionen der #LetzteGeneration darzustellen. #Klimakrise\nhttps://t.co/zsiwEM8uEw",2022-11-27,lastgen,retweet,offensive,0.9026244282722473
54118,1603062814792613888,hermann im glück,"@derscharfekanal @AufstandLastGen Ich glaube, du irrst dich. Deutschlands Verfassung ist das Grundgesetz. \n\nhttps://t.co/8CMSaVheCf",2022-12-14,lastgen,quote,offensive,0.7424410581588745
64398,1598630841567043587,Harry Surfista,"@AlleDoerfer @AufstandLastGen @AuroraER_Oxford Die Kapital-RAF führt auf allen Ebenen einen rücksichtslosen Krieg gegen die nächsten Generationen. Im Kleinen wie im Großen.\nDer Kampf gegen cdU, fdP und sPD wird noch viel zu nett geführt, wenn man bedenkt, wie hemmungslos die unsere Zukunft zerstören.",2022-12-02,lastgen,reply,offensive,0.567886471748352
116398,1491696195667902469,Rückkopplung - @R_Kopplung@forfuture.social,"@BingoBongoPeng @dannyfreymark @AufstandLastGen Wenn Emissionen nicht sinken, radikalisieren sich die Wetterextreme.\nSchon heute sterben Tausende an den Klimafolgen und Millionen leiden.\nÜberflutungen und Dürren zerstören Ernten, gefährden die Lebensmittelsicherheit und Trinkwasserversorgung.\nVerteilungskriege werden kommen.",2022-02-10,lastgen,reply,offensive,0.7490243911743164
43406,1482337755220918275,Llewelyn Pritchard MA,https://t.co/rBvMNool0m “Boris Johnson is unfit to lead our country.” @Keir_Starmer Leader Labour Party #Agreed #ImmoralleadershipIsKillingPlanetEarth #FightingClimateChangeMeansFightingCorruption #IncompetentGovernment #BorisLies #PeopleDie #EndSARS #FridaysForFuture,2022-01-15,fff,quote,offensive,0.6560268402099609
107889,1539125985232179201,QuerHeizer 🏍️ 🇩🇪,"@thesageigt @ganCheangal @traeumerle_ @AufstandLastGen @Psychologists4F Ja, die brauchen auch einen Psychologen*ens™️",2022-06-21,lastgen,reply,other,0.9284894466400146
54050,1603077095965564935,Gesetz des Tages Bot 🇩🇪,"@FelixStrer1 @DanielR91364574 @AufstandLastGen Art 20a GG\n""Der Staat schützt auch in Verantwortung für die künftigen Generationen die natürlichen Lebensgrundlagen und die Tiere im Rahmen der verfassungsmäßigen Ordnung durch die Gesetzgebung und nach Maßgabe von Gesetz und Recht durch die vollziehende Gewalt und die ...",2022-12-14,lastgen,reply,other,0.7690679430961609
16837,1556959348554756096,R R R,जो मेरी आलोचना करते हैं वो मेरे लिए बहुत बड़ा खजाना है! 🤣\n\nमीडिया अब गोदी कहलाती है और जो पत्रकार सरकार से सवाल करते हैं उन्हें अपनी नौकरी गवाना पड़ता है। 😏\n\nसवाल से ही तो समस्या है लेकिन बोल रहे है आलोचना करो करते रहो! जरा भक्तों को भी समझाओ! 😉\n\n#FridaysForFuture\n#HoSaktaHai? https://t.co/zmFgPJuIOK,2022-08-09,fff,retweet,other,0.612712562084198
59711,1601129073077780481,Quidditch,"@JmRename @sl1n1ls @AufstandLastGen @MUC_Airport @berlinairport Ich glaube nicht, dass sich die Politik unter Druck setzen lässt, solange dort der Eindruck vorherrscht, dass die Mehrheit diese Aktionen ablehnt.",2022-12-09,lastgen,reply,other,0.8777102828025818
41265,1489527613131563010,Sheila Cherop,"Nigeria is now facing its second environmental disaster in three months from oil spillage. \nOur water is polluted, biodiversity is affected, mangroves and waterways are damaged but no action is taken.\n\nWhere is humanity?\n\n#FridaysForFuture\n#ClimateJustice \nhttps://t.co/KUmSTy8MqR",2022-02-04,fff,retweet,other,0.6567046046257019
33893,1506958118298828802,Steffani,"@MalteKaufmann FFF würde sofort verschwinden, wenn sie nicht von irgendwelchen NGOs finanziert werden würden. Hängt wohl alles mit dem Great Reset zusammen? Eine heimtückische Bewegung!",2022-03-24,fff,reply,other,0.6054332852363586
64667,1598347639128481793,Al,"@carla_hinrichs_ @AnneWillTalk @AufstandLastGen Wenn Politiker* etwas anderes tun, als das, was die Menschen wollen, dann können die Menschen die Politiker* abwählen. Vielleicht sind es also die Wähler*, die zu weit gehen, wenn sie diejenigen wählen, die nicht das tun, was du gerne möchtest?",2022-12-01,lastgen,reply,other,0.9485253095626831
3448,1591469821530890242,bgaulke,Week 45! #ClimateStrike #FridaysForFuture #PeopleNotProfit https://t.co/NiTX2BlW3n,2022-11-12,fff,retweet,other,0.8153301477432251
99110,1563607951709175809,Markus der Bayer,#FFF #letztegeneration #lastgeneration #Gruene #GruenerMist #Fester #RicardaLang #Habeck #Baerbock #Heinrich #GoeringEckardt #infantilBisInsMark #Berlin https://t.co/O4GyF6moZq,2022-08-27,lastgen,original,other,0.8445238471031189
68305,1596139956002754565,Matthias Klenke,"@AufstandLastGen Ich würde sie über euren hohlen Schädel kippen, oder sie euch saufen lassen.\nVollidioten.",2022-11-25,lastgen,reply,other,0.5187827348709106
79921,1590314043960856579,Dr. Cornelia Huth,"Sehr lesenswerte Einordnung von Hans-Josef Fell, u. a. Mit-Autor des Entwurfs des Erneuerbare-Energien-Gesetzes von 2000, zu den Protestaktionen von @AufstandLastGen 👉\nhttps://t.co/YmlHrYkqsA\n🧵1/2",2022-11-09,lastgen,original,other,0.9194038510322571
104337,1544439838325309451,Letzte Generation Österreich,"Fakten lassen sich nicht einfach von der Straße räumen.\n\n@Bundeskanzler, es hängt von Ihren Handlungen ab, wie die Geschichte auf Sie zurückschauen wird.\n\nSie müssen #Klimakanzler sein!\n\nhttps://t.co/X0H9hND1uO https://t.co/7c0x94GzA9",2022-07-05,lastgen,retweet,other,0.8350782990455627
7788,1576263928123777024,Dominic Ressel,"@Luisamneubauer Wenn man auf FFF Germany hört, bekommt man sogar beides!\n\nDass ihr die Reaktivierung von Kohlekraftwerken weniger problematisch findet als die von Kernkraftwerken, hat euch den letzten Rest Glaubwürdigkeit gekostet.",2022-10-01,fff,reply,other,0.8153576254844666
35089,1505147638999511042,Tobby,"To help filling our Presale, we give away $1.000 in BUSD to one random Buyer with a min. contribution of 0.2 BNB 🥳💵💥\n\nWinner will be drawn in a live Video Chat before Launch ‼️\n\nPresale will be open until 19 UTC today 🚀🚀🚀\n\n#BSC4F #Pinksale #Crypto #FridaysForFuture #BNB https://t.co/KFXd4QDVSr",2022-03-19,fff,retweet,other,0.8329870700836182
108093,1538856999621906434,Benni,"@traeumerle_ @AufstandLastGen Ich hoffe so sehr, dass das einfach Satire ist.",2022-06-20,lastgen,reply,other,0.5138010382652283
72967,1593728724737966082,Günter Wagner,"@AufstandLastGen @AimeevanBaalen @lyroloff @_Katja_Diehl_ Fragen an die Kunst-Spezialisten:\n\n-Welche Voraussetzungen brauch man Lebenswerke von Menschen   zu zerstören\n-Wollt ihr Gesetze übermalen, wenn ja warum\n-Verachtet ihr Künstler\n-Wann wollt ihr mal kreativ werden und malt CO2, oder Klebende\n-Keiner liebt euch, wieso ich",2022-11-18,lastgen,reply,other,0.7135820388793945
12225,1571480110053888001,女性たちと政治,報道関係者の皆様へ\n\n9/23(金)祝日、\n#気候危機はいのちの問題 をスローガンに日本各地でアクションします！！！🌎✊\n\n東京ではマーチします！！！次の金曜日です！！！ #FridaysForFuture テンションぶち上げ中です！！！\n\n取材してくれると嬉しくて泣きます！！\n\n👇記者会見\nhttps://t.co/iaL5r1rhE7,2022-09-18,fff,retweet,other,0.8439814448356628
15764,1560600978629332995,Joanna Best,School strike week 209. #FridaysForFuture #ClimateStrike #SchoolStrike4Climate https://t.co/nbyhZlhh17,2022-08-19,fff,retweet,other,0.7848591208457947
97380,1576323962107179009,Sekundenkleber4Future 14.01.Lützerath,"Die #LetzteGeneration blockiert Autobahnen, um die Menschheit vor dem #Klimakollaps zu bewahren.\nKlar, nicht allen ist es möglich, sich auf die Straße zu setzen.\n\nDu kannst uns ggf. unterstützen, Kosten für das Lösen des Klebers zu stemmen.\nDas geht hier⏬\nhttps://t.co/Yg6FQU0sAa",2022-10-01,lastgen,retweet,other,0.9609143137931824
47944,1606735084874235904,Andre Unikat,@AufstandLastGen Gut und richtig so! Noch dazu sollten 100 Sozialstunden aufgebrummt bekommen,2022-12-24,lastgen,reply,other,0.9680772423744202
29169,1512598807229476866,Dennis Frank,School strike week 101. There is no excuse for inaction #ClimateActionNow #FFFSolidarityWithSudan #FridaysForFuture #PeopleNotProfit #ClimateStrike https://t.co/ELONNvZX0v,2022-04-09,fff,retweet,other,0.8038004040718079
62498,1599814343591272448,CassiopeiaKnitDesign,"NRW-Inneminister #Reul warnt die #LetzteGeneration : Die Grenze ist überschritten! Nur weil der Planet bald unbewohnbar ist, muss man ja nicht gleich hysterisch werden. https://t.co/XYHtLJyqww",2022-12-05,lastgen,retweet,other,0.737218976020813
72148,1594524561785389056,Betti,"@MarcoBuschmann Die #Klimakatastrophe, für die wir im Globalen Norden verantwortlich sind, zerstört jeden Tag Eigentum und Existenzen im Globalen Süden. Diese Menschen können hier nicht demonstrieren. Mein Dank an die Letzte Generation, dass sie dies an deren Stelle tun. ❤️✊ #AnneWill",2022-11-21,lastgen,retweet,other,0.662506639957428
53223,1603410943383408641,Georg Prinz,"🧯 NÖ LANDTAG MIT ÖL BESUDELT🧯\n\n📢 Heute waren wir vorm Landtag in St. Pölten während der letzten Sitzung vor der Wahl im Jänner. \n\n🛢️ Wir haben das Gebäude mit Öl besudelt, weil die Regierung geplantes Fracking im Weinviertel immer noch nicht verbietet.\n\n#LetzteGeneration https://t.co/jkYuxP52q0",2022-12-15,lastgen,retweet,other,0.679008960723877
43913,1481659354822676490,Stadt Wedel,WST: Der nächste Protest: Wedels Fridays-For-Future ruft zur Mahnwache auf https://t.co/CgrwCfCAsv,2022-01-13,fff,original,other,0.8702380657196045
53418,1603348520421015553,Flo Gmeinwieser,Ich habe übrigens auch eine 25ml-Flasche Sekundenkleber und schreibe Tweets gegen Faschos.\nDamit bin ich vermutlich näher an einer möglichen Hausdurchsuchung als Coronazis und Rechtsextreme. #LetzteGeneration,2022-12-15,lastgen,retweet,other,0.7022818922996521
77539,1591356278181240832,Acampadanrw,"#Klimaum9: ich hab 1 neues Video-Format, jeden Arbeitsmorgen 2 Minuten #Klima-News, &amp; hoffe, dass es Euch (minus 1 paar technische Probleme re: Dateigröße, Format, spiegelverkehrte Aufnahmen) gefällt. Ich bin ganz zufrieden damit. 1 Video-🧵.\n\n1/5: Posttruth vs. #LetzteGeneration https://t.co/hmckW9GJaq",2022-11-12,lastgen,retweet,other,0.9201735258102417
78901,1590702038153060352,Scully (she/her),"Diese Menschen sind bereit, weiter und weiter friedlichen Widerstand zu leisten gegen das Klimaversagen der Regierung. \n\n🔸Kannst du sie unterstützen, das zu tun?\nhttps://t.co/zoLV1ksHhc\n\n🔸Hör unseren Plan bei einem Vortrag!\nhttps://t.co/pRdhCTxyGh https://t.co/3TxBeeY5Fq",2022-11-10,lastgen,retweet,other,0.9885537028312683
86130,1588286790301265920,eyih,"@KarlHei64031538 @Lambsdorff @AufstandLastGen Bislang wissen wir, dass die Bergung verzögert wurde und die Fahrradfahrerin nun für Hirntod erklärt wurde. Erst muß der Rechtsmediziner feststellen ob anhand des Verletzungsmusters der Hirntod eine mögliche Folge der verzögerten Rettung oder davon unabhängig unvermeidbar war.",2022-11-03,lastgen,retweet,other,0.8692862391471863
18668,1550452859698823169,Ina Veenstra,"ON SEPTEMBER 23RD, WE WILL STRIKE FOR CLIMATE REPARATIONS AND JUSTICE! 📢\n\nWe demand that Governments listen to MAPA voices by providing #LossAndDamage #Finance to the communities most affected by the climate crisis.\n\nFind out more: https://t.co/ntR1Fl5k9Q #PeopleNotProfit https://t.co/Z3L1dX6NH1",2022-07-22,fff,retweet,other,0.689725935459137
69262,1595909301830287360,Bruce Wendell,@AufstandLastGen Einsperren das Dreckspack,2022-11-24,lastgen,reply,other,0.613688051700592
56677,1602638082557501441,AlexTZ,@AufstandLastGen Würde euch heißen Kaffee über die Hand kippen,2022-12-13,lastgen,reply,other,0.64814293384552
87377,1588157052148498432,Niklas Liebetrau,"@yasminecmbarek @eckilepsie @polizeiberlin @AufstandLastGen Sie wird wohl weiterhin ""intensivmedizinisch betreut""",2022-11-03,lastgen,reply,other,0.8457148671150208
49412,1605919563945840640,Nebel des Grauens,"@jan204re wer hat diese grundrechte gewählt?\nund welches grundrecht stützt die demokratieverachtenden klimaterroristen in ihrem tun?\n\ngrüne spd und fdp wurden gewählt, bilden eine regierung und regieren.\ndas ist parlamentarische demokratie.\n\ndie letzte generation könnte nun eine partei (1)",2022-12-22,lastgen,reply,other,0.8557125329971313
97528,1574678160414752770,WELT-SICHTEN,"@FridayForFuture haben vergangene Woche demonstriert, @AufstandLastGen macht mit #Straßenblockaden auf die #Klimakrise aufmerksam. Das wird harsch kritisiert. Warum man das auch ganz anders sehen kann und #Straßenblockierer keine Terroristen sind: https://t.co/rrs2kfGbSf",2022-09-27,lastgen,original,other,0.9002467393875122
111334,1519361373062504448,Manuel,"@PanzarKnackar @madcatsadie1 @watson_de @AufstandLastGen Würdest du dich bitte klarer ausdrücken. Schlafen, ballern, sag doch einfach ficken.\nIch habe dir schon gesagt: Ich weiß nicht mal wer das ist. Wie soll ich diesen Menschen da ficken wollen?",2022-04-27,lastgen,reply,other,0.8511680364608765
40259,1492043754177445890,Oliver Greene #keepitintheground,#GlobalWarming #FridaysForFuture #ClimateChange #ExtinctionRebellion  \n\nWhat are we saving? https://t.co/Kj4Dn62yca,2022-02-11,fff,retweet,other,0.8611190319061279
81288,1589622950113988608,Conturbator,@AufstandLastGen Das wären die Nächsten die für 30 Tage weggesperrt werden müssten.,2022-11-07,lastgen,reply,other,0.9059035181999207
47478,1607024327756582912,Vogel Frei,"Die Regierung, von der Sie Teil sind Herr #Buschmann, bricht das Grundgesetz. Die Verurteilung jener, die Alarm schlagen bringt uns nicht weiter. \nLegen Sie einen Plan vor, wie Sie unsere Gesellschaft retten wollen, dann sind wir weg. \n#Klimakrise #LetzteGeneration https://t.co/HLFtcPHh4V",2022-12-25,lastgen,retweet,other,0.6482275724411011
53614,1603292116163117056,Manya G. #PeopleNotProfit,"Das darf doch nicht wahr sein! Ich würde euch - und uns allen - so sehr wünschen, dass die Entscheidungsträger:innen sich endlich auf das eigentliche Problem konzentrieren.\nDas wäre nämlich die #Klimakrise, für die, die es nicht verstehen wollen... 😠 \n#LetzteGeneration https://t.co/2RxbZqZvQD",2022-12-15,lastgen,quote,other,0.7415344715118408
93749,1584103533531762688,Free Lina E.,"Wir suchen Menschen in kirchlichen Berufen, die mindestens 1x in eine Straßenblockade gehen, um zivilen Widerstand für Klimagerechtigkeit zu leisten. Die sich dazu zu bekennen, dass wir den zerstörerischen Kurs der fossilen Wirtschaft beenden müssen, ...\n\n#Kirche\n2/5",2022-10-23,lastgen,retweet,other,0.7765939831733704
11557,1573197986213109762,Matthias Bienefeld 💚🌻,"Climate Justice, Right here, Right now.\nDemanded #ClimateJustice &amp; #LossAndDamageFinanceNow. \n\n@GretaThunberg @FFF_Bangladesh @Fridays4future #FridaysForFuture #ClimateEmergency https://t.co/PliJhwUYE7",2022-09-23,fff,retweet,other,0.8676997423171997
17516,1554222850097266688,Till @dk2bt@norden.social,"HABEN WIR DEUTSCHLAND STROMMANGEL?\n\nDies wird zur Zeit heiß diskutiert. Hier nun ein paar Zahlen, Fakten &amp; Graphiken.\n\nDas hier (u.) ist die gesamte deutsche Stromerzeugung in 2021. Die obere dunkle Linie ist die anliegende Last. Das Max. liegt im Nov. \n\n1/x\n\n#FridaysForFuture https://t.co/5xQl5TBpuf",2022-08-01,fff,retweet,other,0.7560253143310547
11019,1573285976016928768,Steffman,"Harald Lesch, von dem ich euch gerne grüße, sagt ""Physik gilt auch für die weiter, die es in der Schule abgewählt haben. Naturgesetze sind nicht verhandelbar."" — Eckart von Hirschhausen\n\n#FridaysForFuture #Klimastreik #PeopleNotProfit @FFF_Koeln @KlimaGesundheit @healthforfuture https://t.co/TB9odEE1dj",2022-09-23,fff,retweet,other,0.9297839999198914
46210,1607933977612152832,Nylios Amesos,@TheVidley @AufstandLastGen Ja sollte man und das ist unironisch gemeint.,2022-12-28,lastgen,reply,other,0.8178392648696899
48435,1606574602188197888,Wilko Steinhagen,"Mein Wunsch fürs neue Jahr ist, das die letzte Generation durchhält.",2022-12-24,lastgen,original,other,0.8391181230545044
57927,1602254217498050560,B.denk,"@Chenes420 @AufstandLastGen Dann sinds halt 20 oder 50 Stunden pro Woche! Ändert nichts daran, dass die Zeit nachgearbeitet werden muss, wenn keine Überstunden dafür abgebaut werden sollen!",2022-12-12,lastgen,reply,other,0.908462643623352
53186,1603422212584677377,Dipl. Ing. Mar Stadelmann,@sh4rt3 @rbb24 Seh ich nicht so. Fridaysforfuture war wesentlich erfolgreicher und einflussreicher als die seltsam sektenhaft agierende letzte Generation.,2022-12-15,lastgen,reply,other,0.9265166521072388
24737,1527582782377054208,Endel Stamberg #FightFor1Point5,"Week 75 for climate justice.\n""I can't sleep all the night"" this was the sentence of my friend who lives in the campus next to these factories.\n#FridaysForFuture \n#ClimateActionNow https://t.co/w80ZUdbl8T",2022-05-20,fff,retweet,other,0.7584852576255798
76274,1592235636257587200,p.o.ulysses,"Ernst Hörmann ist 72 Jahre alt und hat acht Enkelkinder. Seit Anfang des Jahres ist er immer und immer wieder auf der Straße, um für ihr Recht auf Leben einzustehen. \n\nSo etwas wie heute ist ihm noch nie vorher passiert.\n \n2/5 https://t.co/Tc7txwZzlJ",2022-11-14,lastgen,retweet,other,0.87891685962677
2485,1596074514534010886,JRobert.nl,#FridaysForFuture https://t.co/3TcXrBTAVu,2022-11-25,fff,original,other,0.8402910828590393
33584,1507081913340674054,OMChef,"Tomorrow is the day! All over the planet people will strike, march and protest to demand world leaders to prioritise #PeopleNotProfit\n\nMore info can be found at https://t.co/Ynp0V3jQ8q\n\nWhere will you be joining from?\n#FridaysForFuture #ClimateStrike https://t.co/KXPzOV2cYj",2022-03-24,fff,retweet,other,0.8340129256248474
75928,1592463820945248257,oleoleo,"Ernst unter Schmerzen zu sehen, tut uns weh, doch seine Entschlossenheit ist nicht zu brechen. Er wird weiter Protest gegen die Zerstörung von allem, was wir lieben, auf die Straße tragen.\n\nDie Frage bleibt also: \n\n4/5 https://t.co/VICpVVVd7D",2022-11-15,lastgen,retweet,other,0.8711690902709961
35524,1504729320631279616,Klimatalliansen,https://t.co/UwFJ08wb8r\nhttps://t.co/BGDmLs1gwM\nhttps://t.co/k2CyyiSvsO\n\n#FridaysForFuture\n#ClimateCrisis\n#ClimateStrike\n#ClimateDenial\n#EndFossilFuels\n#Klimatalliansen\n#ClimateAlliance\n\n@FFF_SAJ\n@mk19942 @AaravSeth_ @biancaymichaels @JanineClimate @GretaThunberg @TomsTweeters,2022-03-18,fff,original,other,0.8845478296279907
31913,1507508947078553606,𝔇𝖊𝖗 𝔘𝖓𝖌𝖑𝔞𝖊𝖚𝖇𝖎𝖌𝖊,Krach im Paradies?\n😂\n#FridaysForFuture vs. #GrünerMist https://t.co/IwubV7U3aU,2022-03-26,fff,retweet,other,0.8397716283798218
78160,1591047916470546432,Gothez Ⓥ,@ghj2009 @AnyGman @koelnmedia @AufstandLastGen @lebenslaute @Ende__Gelaende @inter_linke @350Deutschland @AlleDoerfer @ausgeCO2hlt @KoalaKollektiv @Psychologists4F @SciReb_Germany @SiGBerlin Der gesteigerte Treibstoff und damit auch die gesteigerten CO2 Emissionen. Auch aus dem Klimaschutzaspekt kannst du dir das verzichten auf ein Tempolimit nicht mehr erlauben. https://t.co/mtuJ3L3qVK,2022-11-11,lastgen,reply,other,0.7571079730987549
60153,1600864369893462017,El_Schlonzo,"@AufstandLastGen Ich würde gerne den Autofahrer unterstützen falls er Ärger zu befürchten hat ,das er diese Spinner zu hart angepackt hat. Gibt es da was?",2022-12-08,lastgen,reply,other,0.6756423115730286
62807,1599760777006616576,Klaus,"Kennt man ja, darum hat jeder jederzeit ne Tube Uhu in der Tasche. Wen hat noch nie die Lust überkommen, sich mal spontan an die Straße zu kleben? Versteh gar nicht, was die letzten Degenerierten dieser Endzeitsekte daran so aufregend finden.#Spontankleber https://t.co/lSWeQY8oIf",2022-12-05,lastgen,quote,other,0.6617397665977478
9921,1573426392968343552,Jogoy Maak,WOW!!! Foule monstre à Montréal pour la marche mondiale pour le #climat #grèveclimatique #vireauvert #polqc2022 #elections2022  #greveclimatique \n#PeopleNotProfit #FridaysForFuture https://t.co/tzeYZtiTqW,2022-09-23,fff,retweet,other,0.5674725770950317
95522,1580672522814558208,Nope❤️,"@Luisamneubauer In den letzten beiden Jahren kam ich zum Schluss, dass wir da angekommen sind, wo eine letzte Generation endlich Sinn macht. \n\nKann weg.",2022-10-13,lastgen,reply,other,0.734797477722168
38325,1497550903406174211,Hans Hansen,"Gestern hat Fridays For Future in Hamburg den Klimastreik abgesagt &amp; zur Friedensdemo aufgerufen, in anderen Orten auch. Wir sind da, wir sind solidarisch, alle zusammen. Noch nie waren Klimagerechtigkeit, Frieden &amp; Demokratie so untrennbar, wie heute. #StandWithUkriane https://t.co/WRAjmYaAIU",2022-02-26,fff,retweet,other,0.9937324523925781
82274,1589195286685315072,Peter Colymore,"#LetzteGeneration wird grundlos ganze 30 Tage eingesperrt, vergleichbares gab es in Deutschland nur in Vor-BRD-Zeiten. Doch Bauern genießen Narrenfreiheit in Bayern. Wer handelt hier wirklich ideologisch? #NieMehrCDUCSU https://t.co/gxpaQnCJmK",2022-11-06,lastgen,original,other,0.8926883339881897
10179,1573387205363507201,FFF Bot,"Köln: #FridaysForFuture #PeopleNotProfit Sept. 23 #Klimastreik Zeitraffer, - unterlegt mit Teilen aus Rede von Eckart von Hirschhausen @sciforfuture @KlimaGesundheit @healthforfuture #PeopleNotProfit 📺 2/2 https://t.co/OMXYbRBYPW",2022-09-23,fff,retweet,other,0.8479700088500977
27633,1517530698885873665,FFF Bot,"Happy #EarthDay!\n\nReduce #FossilFuels dependence!\n\nCreate safer local energy! #ClimateCrisis!\n\nPlease join! twiff All Activists Awesome work!\n\n❤️🇺🇦🇾🇪☮️🌍🌏🌎🌳🌱🌿🌺🌼🏵️🌻🌞🦋\n\nNow on #FridaysForFuture.org/map\n\n@FFFMapCount #WorldCleanUP\n\n#Twiff, 4, #EarthDay, Ireland, SandyCove https://t.co/vZhoYmpPWr",2022-04-22,fff,retweet,other,0.9350157976150513
106368,1540412223465701377,"Captain Chaos - ""the rest I just squandered""",@JVos63 @HalleVerkehrt @AufstandLastGen @jam_mi_tz @OlafScholz Und seit 2 Jahren arbeite ich am elektrischen Fliegen mit,2022-06-24,lastgen,reply,other,0.7231642603874207
92759,1584477276695310338,Christian Völker,Tempolimit zum Wochenstart macht sich immer gut. https://t.co/9mQOI8D44Q,2022-10-24,lastgen,quote,other,0.93636554479599
74627,1592979361288056832,Erling Plaethe,Die „Letzte Generation“ steht in der düstersten deutschen Tradition via @welt https://t.co/eV1DtigAxh,2022-11-16,lastgen,original,other,0.6690282225608826
11547,1573200530922676225,Greenpeace Southeast Asia,School strike week 214. #FridaysForFuture #ClimateStrike #PeopleNotProfit https://t.co/D54mrJVxoW,2022-09-23,fff,retweet,other,0.7477781772613525
9321,1573646539712520193,Fifeenvironmentalist,This is what democracy looks like!!\nThank you to everyone who took to the streets of Edinburgh today!!\n\n#ClimateStrike #FridaysForFuture #TheKidsAreNotAlright https://t.co/9mABQAKcno,2022-09-24,fff,retweet,other,0.7644099593162537
98289,1567184010849157120,Sonja Manderbach #LetzteGeneration,"Unsere Regierung stolpert konzeptlos durch diese Krise.\nSie hat keinen Plan, wie das Erreichen der Klimakipppunkte in den nächsten 2-3 Jahren noch verhindert werden kann. Dieses fossile Weiter-so wird unsere Gesellschaft in den Zusammenbruch führen.\n\nWir wünschten es wäre anders. https://t.co/zSzMbdnJuF",2022-09-06,lastgen,retweet,other,0.644832968711853
102064,1547912751355269120,Loris,"Hätte entweder nen Bohrhammer genommen oder paar Warnschilder um die Person herum gestellt, sodass die Autos vorbeifahren und sie zusehen muss, wie sie sich befreit. https://t.co/7Fsw3CIyPZ",2022-07-15,lastgen,quote,other,0.7908871173858643
37695,1499081380227133444,Magdalena Zenglein-Markert,"Wir sind solidarisch mit allen Menschen in der #Ukraine, den Protesten in Russland und ganz besonders mit @fff_ukraine! Morgen Abend um 18 Uhr vor DSW21.\n#NoWar #peaceforukraine https://t.co/d1hBakSCR6 https://t.co/XpjFXEe2Gs",2022-03-02,fff,retweet,other,0.8537070155143738
71690,1594718838314115075,Martin D. Nuber,@Labonitamascota @PolizeiMuenchen @AufstandLastGen Sind das überhaupt echte Polizisten? Fahrzeug und Kleidung sehen mir eher nach privater Sicherheitsfirma mit Amtsanmaßung aus. Bei sowas würde ich erstmal den Dienstausweis verlangen.,2022-11-21,lastgen,reply,other,0.7684682607650757
105765,1541396769636077568,lisa_Kpunkt,@AufstandLastGen @DebtforClimate Durch Sitzblockaden gefährden die Demonstranten ihr eigenes sowie das LEBEN anderer!Ihr klebt da rum u der nächste Krankwagen mit Herzinfarkt im Auto o.ä. kommt nicht durch u verliert wertvolle Zeit. Runterhängen von Brücken an Autobahnen...auch hier Gefährdung Anderer!,2022-06-27,lastgen,reply,other,0.8534935712814331
94305,1583174215385370624,Regloh,Wo arbeitet ein Geologischer Spezialist für Energieeffizienz? https://t.co/xV666Pb92v,2022-10-20,lastgen,quote,other,0.7803590893745422
52937,1603473468032487444,#Uckermark🏳️‍🌈🏳️‍⚧️,@welt kann sich @AufstandLastGen bitte direkt an Friedrich Merz ankleben?,2022-12-15,lastgen,reply,other,0.5836508274078369
101974,1548031025795571716,Lukas van Husen,Baustellenabsperrung drum. Fertig. https://t.co/tzQB9Cem54,2022-07-15,lastgen,retweet,other,0.8053568005561829
52971,1603466812288602133,Martin,"@AufstandLastGen Ihr werdet auch weiter ignoriert, da Ihr der Sache schadet.",2022-12-15,lastgen,reply,other,0.699096143245697
66382,1596778642742329344,Hans im #HomoOffice,@Holgis_Bullitt @sascha_m_k @AufstandLastGen klimaneutral bis 2030?\n\nIn was für einer rosa Bubble lebst Du? https://t.co/sULfIvybPl,2022-11-27,lastgen,reply,other,0.7348267436027527
96112,1579936753779376128,akiwiwa,"Mit Urin lässt sich Sekundenkleber ablösen. Einfach mal ausprobieren, wenn sich vor Euch jemand auf die Straße klebt. Am besten viele gleichzeitig damit es wirkt. #letztegeneration #lastgeneration",2022-10-11,lastgen,retweet,other,0.9282373785972595
73899,1593304808966049793,Tassilo Gröper 🇪🇺🇩🇪🇨🇭,"#Verfassungsschutz-Chef #Haldenwang watscht Alexander #Dobrindt und die ganzen anderen ""#LetzteGeneration sind Extremisten!!!""-Dampfplauderer ab: diese seien mitnichten Extremisten, sondern würden das demokratische System gar respektieren. /MS\nhttps://t.co/BoKze4szgu",2022-11-17,lastgen,retweet,other,0.7891216278076172
81970,1589291424683806720,anita alhelm,"Innenministerin Faeser fordert ein härteres Vorgehen gegen die „Letzte Generation“. Doch der Zeitpunkt, der Lage Herr zu werden, ist lange überschritten. Und dafür ist auch sie mit ihrer Nachsicht gegenüber Linksextremisten verantwortlich.\nhttps://t.co/IjZBkpvjIK",2022-11-06,lastgen,retweet,other,0.7110388278961182
32126,1507449606711427075,Eric Aduol,sands of time ...\n#F1 #FridaysForFuture,2022-03-25,fff,original,other,0.6297295689582825
112234,1516395954836062220,Anne Bruns,"Klima-Aktivisten der „Letzten Generation“ drohen damit, Pipelines in Deutschland abzudrehen https://t.co/o03LQFA2UF https://t.co/2JQhBova5o",2022-04-19,lastgen,retweet,other,0.6878635883331299
63088,1599725295463845888,Andy D,"☆\nMein Gott.. hier können Auffahrunfälle passieren &gt; #LetzteGeneration  gefährdet BEWUSST MITMENSCHEN LEBEN Auf Autobahnen !\n\nEinsperren, oder besser ab in die Klapse 🤦🏻‍♂️🤦🏻‍♂️\n☆ Es reicht !!!!! 👎🏾👎🏾👎🏾🤦🏻‍♂️🤦🏻‍♂️ https://t.co/4hJ6RCUYGh",2022-12-05,lastgen,quote,other,0.7761282920837402
69570,1595869237473673219,Wonderfool 🏳️‍🌈 ✡️ 🇩🇪,"@NancyFaeser Meine Unterstützung haben die längst nicht mehr. Eher im Gegenteil. Ich hab genug von diesem Terror gegen die Zivilgesellschaft + werde von nun an aktiv dazu beitragen, daß die #LetzteGeneration  die #allerletzteGeneration sein wird. Deren Prophezeiung soll sich erfüllen. Basta.",2022-11-24,lastgen,reply,other,0.8284737467765808
66744,1596550546252599296,konditionator,"Die 19 Menschen, die sich teilweise seit knapp 1 Monat in München ohne Gerichtsverhandlung in Präventivhaft befanden, wurden heute überraschend entlassen.\n\nDer gesellschaftliche Druck hat gewirkt und die bayrische Regierung hat nachgeben. Doch dabei darf es nicht bleiben!\n\n1/5 https://t.co/1ZIjoj07VK",2022-11-26,lastgen,retweet,other,0.939355194568634
107836,1539162522812653568,SonntagUmZwei,@tom_zeh @thesageigt @VikingRohan @traeumerle_ @AufstandLastGen Immer wieder gern!,2022-06-21,lastgen,reply,other,0.8862931728363037
88323,1587758097728212995,Thomas,#LetzteGeneration\nAn dieser Generation sollte sich die Letzte Generation ein Beispiel nehmen anpacken statt festkleben https://t.co/DD5yv0iNwu,2022-11-02,lastgen,retweet,other,0.9666249752044678
46840,1607364910278742016,jensbest@openbiblio.social,"Wenn die #LetzteGeneration die Kirche nicht „gestürmt“ hätte, dann, ja dann hätte @MarcoBuschmann sich das mit den #Klimaschutz noch mal überlegt.\n\nAber so bleibt ja nichts anderes übrig als unsere Lebensgrundlagen noch schneller komplett zu zerstören!\n\nFrohe Weihnachten 🎄! https://t.co/fMlcdzAWLf",2022-12-26,lastgen,retweet,other,0.8438895344734192
49580,1605852642332352512,Hubert Müller,@FrankRauschenb3 @niedarein @AufstandLastGen Jetzt kommen Sie doch nicht mit Fakten!,2022-12-22,lastgen,reply,other,0.6392577886581421
114776,1496740973858144256,@HeadSoccer@climatejustice.social,@AriadneSartoriu @AufstandLastGen Das hoffe ich auch. Ich hoffe auf die Einsicht der Politik. Wir brauchen mehr Menschen die Druck machen.,2022-02-24,lastgen,reply,other,0.9366921186447144
66523,1596627464813699073,Conturbator,@AufstandLastGen @_Katja_Diehl_ @sixtus @damitdasklaas @officiallyjoko @TerliWetter @Luisamneubauer @parents4future @AlleDoerfer @Psychologists4F @ZiegeJan Wegen eurem Druck gibt niemand nach. Träumt weiter. Die Aktion am BER wird euch richtig teuer zu stehen kommen. Und das freut mich.,2022-11-26,lastgen,reply,other,0.9480912089347839
4439,1588228197367549952,"Philipp ""Impfen schützt"" Janusch🇺🇦","@Moehroe Greta ist nicht gleich FFF, besonders nicht FFF DE. ich stehe seid 3,5 jahren in und an der seite von Klimaschutz",2022-11-03,fff,reply,other,0.9786943197250366
116593,1491321361461280771,Katsan Chebli the second,"@RaulSemmler @OlafScholz @AufstandLastGen @DanniPilger @Tagesspiegel @sixtus @dpa @Reuters @RND_de @JoergAltSJ Lieber Raúl, hättest du den Scheiß vor meinem Auto abgezogen hättest du nur einmal ""Sie tun mir weh"" gerufen. Der nächste Satz wäre ""Warum blutet meine Nase?"" gewesen.\n#Servicetweet",2022-02-09,lastgen,reply,other,0.5078533291816711
71919,1594640098351529986,Letzte Generation Österreich,Wie denkt ihr über unseren Prostest? #letzteGeneration,2022-11-21,lastgen,original,other,0.5768634080886841
111245,1519443194542534658,Caljinaar,"@MsreichReich @NordharzerHZ @muckie2020 @Peterchen007 @AufstandLastGen D produziert seit den 90ern tendenziell weniger Co2 trotz steigender Bevölkerungszahlen.\nGlobal steigt der CO2 Austoß jedoch massiv.\n\nGanz klar, der Fehler muss hier zu finden sein. 🤦😂",2022-04-27,lastgen,reply,other,0.8891517519950867
25545,1525018311360225284,Kaitesi Jessica,School strike week 195. #FridaysForFuture #ClimateStrike #PeopleNotProfit #SchoolStrike4Climate https://t.co/DD3AqHaXCC,2022-05-13,fff,retweet,other,0.786631166934967
63619,1599365334167080961,Marco_B_Kanal,"@welt Diese Warnung vor Unterwanderung, dient nur dazu diese Terrororganisation (letzte Generation) bei eventuellen weiteren Straftaten zu schützen! Sie waren es ja nicht die bösen die sie unterwandern die waren es. Wunderbar, wie die Verblödung der Massen funktioniert!",2022-12-04,lastgen,reply,other,0.943710446357727
73675,1593522668107694081,Safka Klarname 💙,"@Benkens2 @zeitonline @Luisamneubauer @AufstandLastGen  Lesen, Denken, Verstehen",2022-11-18,lastgen,reply,other,0.9229668974876404
6547,1580566520958455810,Caljinaar,"@AufstandLastGen @rbb24 @MucRebellion @stu4future_muc @fff_muc @XRLeipzig @EndeGelaendeLE @FFFLeipzig @P4F_Leipzig @AnimalLeipzig 1. Bei der Umfrage gibt es keine Angabe der Teilnehmerzahl.\n2. Wenn ihr massiv Werbung für die Abstimmung macht, verfälscht es das Ergebnis.\n\nOhne zu wissen wie viele Teilnehmer, sind 50% nicht aussagekräftig",2022-10-13,fff,reply,other,0.5212381482124329
22017,1537742696940544001,LeatherSnipeBob,Week88 #ClimateStrike🌍 in #India🇮🇳\n\nThe World is experiencing record-breaking Temp. &amp; severe #HeatWaves.\n\nIt is time to take #ClimateAction to reflect the world before the #ClimateCrisis gets worse.\n\n#FridaysForFuture\n@GretaThunberg @vanessa_vash  @KaoHua3 @ExtinctionR @FFFIndia https://t.co/Q5xBKzFMbU,2022-06-17,fff,retweet,other,0.7184299230575562
17545,1554115335330189313,Rot,"die ganze weltweite FFF bewegung liegt falsch &amp; muss ersmtal von den deutschen FFF dullis lernen, was richtig ist. https://t.co/IbzjFGTuZU",2022-08-01,fff,retweet,other,0.8640474081039429
47885,1606758288283951104,EmirBumaye,@AufstandLastGen Kannste keinem erzählen. Erst sich komplett stur auf die Straße setzen und Fahrzeuge hindern vorran zu kommen und dann ein Spendenaufruf starten weil man sich die Konsequenzen nicht leisten kann.,2022-12-24,lastgen,reply,other,0.7349990606307983
5159,1585000382404534272,Karla Kempa 🕊,"@BMF_Bund @Luisamneubauer @AnnikaRittmann @FridayForFuture @c_lindner Luisa ist von den Grünen und sollte auch so angekündigt werden. Davon abgesehen: Fridays for Future ist eine antisemitische Sekte, die die Hirne der Kinder manipuliert, vor allem aber auch sozialistisch und Demokratie feindlich.\n\nDamit verhandelt man nicht. Das verbietet man.",2022-10-25,fff,retweet,other,0.9301639795303345
17914,1552974526870323200,Henrique Brito,@GretaThunberg #PovosIndígenas - 🏹🏹🏹🏹\n\n#FridaysForFuture #ClimateStrike 🌞\n\n@Pontifex_pt \n@UNEP_pt\n@ajplusespanol\n@agenciapublica\n@GreenpeaceBR\n\n1 https://t.co/K6a0q65Z4G\n\n2 https://t.co/SFD9ltGXHR\n\n3 https://t.co/3ibmFbsTqI https://t.co/wwwVuAIhpH,2022-07-29,fff,retweet,other,0.8524119853973389
94614,1582750787108712450,BitcoinBuccaneer,@AufstandLastGen @DaSiLa97 Stunning &amp; Brave wie ihr durch das tragen der aus Erdöl hergestellten Warnwesten auf die Erdölproblematik aufmerksam macht.,2022-10-19,lastgen,reply,other,0.8745236992835999
38289,1497656493675532296,Florian König #lützibleibt,"Wir waren gestern mit einem großen Bündnis und ü. 5000 Menschen auf der Straße; für eine freie Ukraine, für Frieden in Europa und für scharfe Maßnahmen gegen das russ. Regime.\nJetzt heißt es Fluchtwege öffnen, Aufnahmekapazitäten erhöhen und Russland isolieren. #StandWithUkraine https://t.co/HcQb4AcxL3",2022-02-26,fff,retweet,other,0.864036500453949
6852,1579149704822394880,StEP (Sustainable Exercise Partnership),"This week we are glad to share the @ERWorldPhysio document titled ""Harmonisation of Sustainable Development Goals within the Profession"" #Physiotherapistsforfuture #FridaysForFuture\nDocument can be accessed via link:  https://t.co/WVGipGzwCn https://t.co/oynLh2mNki",2022-10-09,fff,retweet,other,0.9541527628898621
52349,1603743329484738560,Lone Wanderer,@AufstandLastGen Ihr seid Teil einer Sekte.,2022-12-16,lastgen,reply,other,0.5904045701026917
109606,1529077326272774145,Hart💚🇺🇦,"Ja, @hinschauHen KÖNNTE laufen. Die Bundesregierung KÖNNTE auch eine Erklärung abgeben, kein neues Nordsee-Öl zu fördern, und anfangen unser Leben zu schützen.\n\n#LetzteGeneration https://t.co/oT2JAhi9ZJ",2022-05-24,lastgen,retweet,other,0.9581612348556519
116199,1492037391779049472,#Uckermark🏳️‍🌈🏳️‍⚧️,@AufstandLastGen @OlafScholz dankeschön! https://t.co/1850rEdceU,2022-02-11,lastgen,reply,other,0.9269257187843323
111407,1519324895133503489,E.Euri,"Wie schaffen die es eigentlich trotz Ankündigung der Straftat vor einer Woche, diese Straftat dann auch tatsächlich durchzuführen? \n\nIst die Exekutive zu sehr mit der #HassistkeineMeinung beschäftigt @NancyFaeser?",2022-04-27,lastgen,retweet,other,0.806393027305603
20682,1542831727231397888,joan hoppe,"In climate crisis no one is left behind.\nThe earlier we act on climate crisis,the better for you.\n#fridaysforfuture\n#ClimateBrawl \n@GeraldKutney @Sdg13Un @AaravSeth_ @Melbourne_7 @ThomasCOTTINET @vanessa_vash @KambojAnanya @JanineClimate @GretaThunberg @ashokgehlot51 https://t.co/5RO406Nu1X",2022-07-01,fff,retweet,other,0.8663629293441772
25180,1525934413766397952,Simo Hartia 🇫🇮🇸🇪🇩🇪🇺🇸🎸🤘🔥🪓💙,Likaista vihreää #energia a - #tuulivoima ei vähennä päästöjä\n#vihreräsiirtymä #FridaysForFuture #ympäristö #ilmasto #ilmastonmuutos\n\nhttps://t.co/huP6ZSERpP,2022-05-15,fff,original,other,0.7738069891929626
108872,1532280020806340608,Letzte Generation,"Gestern schaute Uni-Präsident @haukeren spontan im besetzten Audimax der Uni Hamburg vorbei. \n\nEr bekräftigte erneut: Es sei nicht die Aufgabe der Universität, sich – wie gefordert – öffentlich gegen neues Nordsee-Öl zu positionieren. https://t.co/78kmumeIqp",2022-06-02,lastgen,original,other,0.9115726351737976
105853,1541143755692167168,Roter hahn,‼️Leichtathletik-Meisterschaften in Berlin gestört‼️\n\n„Ich würde gern selbst einfach nur zuschauen. Aber ich kann nicht mehr einfach nur zuschauen.“ #WoIstOlaf? https://t.co/8nwmO1X3cz,2022-06-26,lastgen,retweet,other,0.8450568318367004
67645,1596247908998946832,🔴🔴🔴 Chris A.,"Meiner Meinung nach, gehören ja Leute wie Manuel #Ostermann vom Verfassungsschutz beobachtet.\n\nSchluss mit Lustig, endgültig.\n\n#BER #LetzteGeneration https://t.co/fgxycbVxyE",2022-11-25,lastgen,retweet,other,0.8696035742759705
108775,1532748109553577986,des Kwasselsche vom Büdle,"@CGNCaptain @wattweissich @Buex_ta @YoyoComment @AufstandLastGen Klar geht das, das geht wunderbar zu bodyshamen beim Vorbeifahren uiii",2022-06-03,lastgen,reply,other,0.8999788761138916
101066,1552227212870443008,Kannitverstan,"@schweizok2 Heute würden die alle auf dem #Geländer hocken, in ihr #Handy starren und ihren ca. 100 Tsd. #SocialMedia-#Freunden mitteilen, dass sie gerade eine #RiesenParty feiern! #NochFragen, weshalb das die letzte #Generation ist?",2022-07-27,lastgen,reply,other,0.8241345286369324
8300,1574841380316352559,FFF Bot,"""Hat schon jemand #FridaysForFuture und @Luisamneubauer für die Sprengung von #NordStream2 verdächtigt?"" dachte ich gerade. Und dann dachte ich ""Na, so blöd kann doch niemand..."" und dann dachte ich: ""Naja es ist das Internet..."" und jetzt trau ich mich nicht zu schauen. Also?",2022-09-27,fff,retweet,other,0.5929152965545654
109542,1529205554949894144,Rab It,Au. Aaaau. Au. Ich kann nicht aufstehen. Aaau. https://t.co/p1kc7LFTgQ,2022-05-24,lastgen,retweet,other,0.6091992259025574
53915,1603111905807458304,DeLacroix,"@_sleepy_K @r3lmarc3au @FritzQuincke @AufstandLastGen man bei dieser Gruppe so mehr Handlungsbereitschaft erreicht?\n\nWünschen würde ich mir das zwar auch. Aber ich seh eben nicht, wie das funktionieren soll. Und sehe auch kein Beispiel.\n\nUnd ""die Politik"" erreichst Du erst (in positivem Sinne), wenn mehr die Autobahn blockieren,",2022-12-14,lastgen,reply,other,0.8166911005973816
103229,1546425099951263744,Sifu Thomas,"@M_Ostermann @AufstandLastGen Ich habe längere Zeit JuJutsu trainiert, bevor ich zum WingTsun / Escrima gewechselt habe. Dieser Griff gehörte zu meinen Lieblingshebeln, ganz einfach weil er einer der wenigen wirkungsvollen Hebel ist.",2022-07-11,lastgen,reply,other,0.9237517714500427
64680,1598331997365190659,Chloé Majerus,"Erster Schritt gemacht, die Menschen in München werden nicht mehr politisch festgehalten – alle kommen jetzt gerade frei. \n\n‼️Im zweiten Schritt erwarten wir, dass die Gefahrenlage für die gesamte Bevölkerung eingedämmt wird: Wir brauchen Sicherheitsmaßnahmen im Klimanotstand! https://t.co/GYUROAt82W",2022-12-01,lastgen,retweet,other,0.9223020672798157
68449,1596118844766130176,Martin Bethke,"Und das von dem Mann, der ein Ministerium leitet, dass #Klimaschutz per se verweigert. #LetzteGeneration https://t.co/pixTyxqUkH",2022-11-25,lastgen,quote,other,0.758030116558075
77206,1591491841744318464,Axel F.,"Bundesregierung verpasst Beendigung der Störung\n\nScholz, Lindner, Habeck &amp; Wissing sind nicht zur Verhandlung mit uns erschienen.\n\nFür uns ist es unabdingbar in diesem Notfall über die 1. Sicherheitsmaßnahmen gegen den Klimakollaps zu verhandeln. \n\nhttps://t.co/LJn3RLK5dJ\n\n1/2",2022-11-12,lastgen,retweet,other,0.8784421682357788
89997,1586774925167280131,BuddyBear,"@likeA44 @gissian1 @BBiersky @AufstandLastGen @ScientistRebel1 Wieso willst du jetzt mit mir über Recycling diskutieren? Ist doch gar nicht das Thema hier. Das wäre für sich ein abendfüllendes Gebiet…\nBei allen Schwächen ist jedes Recyclingsystem aber immer noch besser und effektiver, als ein Depp, der sich „für´s Klima“ irgendwo festklebt.",2022-10-30,lastgen,reply,other,0.8369835019111633
113604,1506781733714288650,Jeykey,@AufstandLastGen Man ihr Deppen habt nicht begriffen das wir momentan ganz andere Sorgen haben als euren schwachsinnigen Mist. Ihr seid nicht die letzte Generation - ihr seid das Letzte mit eurem Egoismus. Ihr geht der grossen Mehrheit nur auf den Zünder und genau deshalb findet ihr kein Gehör.,2022-03-23,lastgen,reply,other,0.7122778296470642
117032,1490714680242974730,Eduardt Storberg,@Fredoleen @Soulmoth1 @HalleVerkehrt @DanniPilger @BSR_de @AufstandLastGen Jemand sieht das Ende des Staus nicht rechtzeitig und es kommt zum Unfall...\n\nGefährdung durch das Hindernis??,2022-02-07,lastgen,reply,other,0.8120833039283752
43475,1482159724011442182,Fiete Quincke 🎈,School strike week 178. #FridaysForFuture #ClimateStrike #UprootTheSystem https://t.co/2JynnuVVJB,2022-01-15,fff,retweet,other,0.7365548610687256
1825,1599108850954559489,Robert Redmayne Hosking,🗣️📢🆘🔥🌊🌍🌊🔥🆘🌿👇\nSolidarity..! @Iam_Claude25 ✌️💚🌱\nSchool strike week 224.\n#FridaysForFuture #ClimateStrike #PeopleNotProfit https://t.co/dNllVP6lQl,2022-12-03,fff,quote,other,0.8256071209907532
104135,1544831830779650049,Sasch,@AufstandLastGen #DennisAusHuerth macht so einen Quatsch nicht. https://t.co/uiOVwsEYyD,2022-07-06,lastgen,reply,other,0.8491602540016174
13569,1568233356088713217,Blablachat,School strike week 212. #FridaysForFuture #ClimateStrike #RöstFörRättvisa #PeopleNotProfit https://t.co/HwLlJPMHBT,2022-09-09,fff,retweet,other,0.7551946640014648
118410,1487305925300002816,⬇️ --- Ꝗᵾɇɍ§ȼħłäǥɇɍ --- ⬇️,"#BREAKING: Schon ""in ein paar Jahren"" gibt es in Deutschland Hungersnöte und Kinder müssen Brot horten.\n\nTUT BUßE! DAS ENDE IST NAH! https://t.co/sPlzB7OfzK",2022-01-29,lastgen,quote,other,0.7132278680801392
91512,1585260795461783552,brigitte berg,"Das wunderbare Museum Barberini in #Potsdam bleibt nach dem Angriff auf das Monet-Gemälde zunächst geschlossen. Die Täter von #LetzteGeneration kamen nach einer „Befragung“ durch die Polizei sofort wieder frei. Eine Bande von Kriminellen darf machen, was sie will!",2022-10-26,lastgen,retweet,other,0.5665543675422668
40696,1490732280360407044,SeaHorseArmy,What’s more important than recycling? Producing something to recycle.  #Sustainability #Recycling #Fishyfriday #Environment #ClimateAction #PlasticPollution #uprootthesystem #fridaysforfuture #SeaHorseArmy,2022-02-07,fff,original,other,0.957414984703064
29230,1512497487134744589,Dr Jo 🌳💚,🌍🌿👇 Solidarity Mohamed and fellow striker.!✌️💚🌱\nWeek 68: #UniversityStrikeForClimate 🗣️📢🆘🔥🌊🌍🌊🔥🆘🌿\n#FridaysForFuture \n#ClimateActionNow \n#ClimateJustice https://t.co/vXlS9K33NQ,2022-04-08,fff,retweet,other,0.867041826248169
67870,1596204861204332546,Jack🏠,"Trotz aller Differenzen: @AufstandLastGen krassen Respekt, dass ihr weitermacht. Dass ihr kaum aus dem Knast raus wieder klebt.\nSuper #BER-Flughafen Lahmlegung!\nSolidarität mit den Menschen, die Hausdurchsuchungen (zu welchem Zweck?) erleben! #Klimakatastrophe\n#LetzteGeneration",2022-11-25,lastgen,retweet,other,0.990524172782898
105691,1541686793757757440,𝐁𝕖ⓢ𝓾ĆнＳ𝓟𝕒ᑭᵃ👨‍👧💛,"Das Handeln einer Berliner Bezirksbürgermeisterin gefährdet die Demokratie. Wie die radikalen Aktivisten der «letzten Generation» hofiert werden, darf nicht Schule machen.\n#Kreuzberg\n\n«Der andere Blick» von @KeilaniFatina.\n\nhttps://t.co/cDD8gAT7JK",2022-06-28,lastgen,retweet,other,0.9003106951713562
32019,1507469884862566404,𝒥.𝒦. ⚜️✝️☦️⚜️,Sehenswert: Arbeitender Migrationshintergründler trifft auf Klima-Spinner!\n:)\n#Klimastreik #FridaysForFuture https://t.co/9nbXcEFleU,2022-03-25,fff,retweet,other,0.8826823830604553
65970,1596945895165419520,@HeadSoccer@climatejustice.social,"Wenn Politik und Medien hierzulande sich weniger mit den Aktionen von @AufstandLastGen und mehr mit konkreten Antworten auf die Klimakrise beschäftigen würden, dann wäre schon viel gewonnen.",2022-11-27,lastgen,retweet,other,0.8266032934188843
73683,1593516565806268417,Andreas Rupp,@b_friederike @AufstandLastGen Plus 400 Stunden als Straßenkehrer,2022-11-18,lastgen,reply,other,0.7866634130477905
55790,1602721030333767690,ARA @AraQNem@kolektiva.social,Hausdurchsuchung\n#LetzteGeneration https://t.co/I3pWVhiOzi,2022-12-13,lastgen,retweet,other,0.7642111778259277
107438,1539450958643662849,Labor2b,++ BRITISCHE REGIERUNG WILL HÄUSER ISOLIEREN ++\n\nBoris Johnson scheint auf die Forderung von #InsulateBritain einzugehen.\n\nWarum wurden dann Unterstützer:innen der Kampagne monatelang inhaftiert? Warum mussten diesen Winter trotzdem Menschen in 🇬🇧 in ihren Häusern erfrieren? https://t.co/PIDFmKH6ge,2022-06-22,lastgen,retweet,other,0.7980721592903137
111046,1520764873973583873,f,@AufstandLastGen Wann dreht ihr in Russland Pipelines ab?,2022-05-01,lastgen,reply,other,0.7329618334770203
27503,1517641778270064642,Dada,"School strike week 192. This is not a “happy earth day”. It never has been. #EarthDay has turned into an opportunity for people in power to post their “love” for the planet, while at the same time destroying it at maximum speed. #PeopleNotProfit #FridaysForFuture #ClimateStrike https://t.co/2Lv7sLEKyZ",2022-04-22,fff,retweet,other,0.6830570697784424
20694,1542818094539751429,Andrea Liberati,School strike week 202. #FridaysForFuture #ClimateStrike https://t.co/UNYHALeo5n,2022-07-01,fff,retweet,other,0.749060869216919
81842,1589338289089417216,J. Beh.,"Politiker die bewusst die Klimaziele hintertreiben und damit geltendes Recht brechen, sollten sehr zurückhaltend sein, wenn sie Strafen für die #LetzteGeneration fordern. Wer im Glashaus sitzt, sollte nicht mit Steinen schmeißen.",2022-11-06,lastgen,retweet,other,0.7051175832748413
56986,1602618699881582593,Michael Groth,"++ TÜREN AUFGEBROCHEN BEI FOSSILER LOBBY UND REGIERENDEN ++ \n\nNatürlich nicht – heute ab 5 Uhr morgens gab es 11 Hausdurchsuchungen bei uns. Vorwurf „Bildung einer kriminellen Vereinigung“. Elektronische Geräte, wie Laptops und Handys, wurden konfisziert, außerdem Plakate.",2022-12-13,lastgen,retweet,other,0.5193153619766235
32611,1507373724449873930,A(nti-Covid) Schneck 🐌 (She/Her),"""Wären Sie auch Professor geworden, wenn Sie freitags immer die Schule geschwänzt hätten, Herr Harald #Lesch?""\n\nLesch: „Ja!“\n#MicDrop #anneWill #fff #Klimakrise https://t.co/WqvbOELDJA",2022-03-25,fff,retweet,other,0.8568711280822754
46312,1607818897192849408,Angie de Alemania,"@katharinaOnRoad @LTwittuser @goyafn @Ichigos20Bankai @drecksuser @AfDLindemann @AufstandLastGen Was du alles über mein Job zu wissen glaubst. Interessant für was sich Leute heutzutage halten, wenn sie im Baubereich arbeiten…",2022-12-27,lastgen,reply,other,0.9361921548843384
60599,1600757185814081536,thomas walther,@AufstandLastGen Was für Belastungen????,2022-12-08,lastgen,reply,other,0.7561280727386475
16752,1557498289909555202,FFF Bot,"""..In Saporischschja lagern 30 Tonnen Plutonium..""\n\n#FridaysForFuture  #AtomkraftNeinDanke \n\n(S+) Sorge um ukrainisches Kernkraftwerk: »Die Situation kann im Krieg schnell unüberschaubar werden« https://t.co/4CJmRV1SKE via @derspiegel",2022-08-10,fff,retweet,other,0.587537944316864
109675,1528981688013012992,The big Rudolph,@AufstandLastGen Wo ist denn der Klimanotfall?,2022-05-24,lastgen,reply,other,0.7819638848304749
19184,1548004100674953218,FFF Bot,"#StandingRock \n#NoDAPL  - save the earth\nsame issue as #FridaysForFuture \n„Dakota Water Wars, Chapter Six: I Can Still See It“ auf #Vimeo an https://t.co/yFt7RsxyNl",2022-07-15,fff,retweet,other,0.6993558406829834
17383,1555175614360985601,FFF Bot,#ClimateAction  #GlobalWarming    #FridaysForFuture #ClimateChange #Greenwashing #Renewables    #ClimateStrike #ExtinctionRebellion  #ClimateCrisis     \n\nYou've been fooled by Greta Thunberg: https://t.co/SlNT9zPt2y,2022-08-04,fff,retweet,other,0.7527185678482056
12022,1572212705297145856,DIE LINKE. Lübeck,"Am Freitag ruft @fff_luebeck wieder zu Protesten auf, in Lübeck beginnt die Demonstration um 15 Uhr am Klingenberg.\n\nhttps://t.co/Wo6PoJiIZF\n\nFoto: (c) Fridays for Future https://t.co/9yip98pymo",2022-09-20,fff,retweet,other,0.7751646041870117
110211,1526539195082317825,Ömer,"Wie finanziert sich eigentlich die militante Sekte #LetzteGeneration, die ihren degenerierten Jüngern nicht nur rechtlichen sondern auch gleich noch psychologische Hilfe anbietet?\n\nSoros? Grüne? Mitgliederbeiträge der erwerbslosen Irren schließe ich eher aus.... https://t.co/ADLeWmJKHf",2022-05-17,lastgen,retweet,other,0.8308122158050537
76075,1592397848251097091,Fräulein Lola und Doktor Loander.,@Really_Amused @AufstandLastGen @Storchfuss @elena12799 @bao_asphalt Eine. Es war eine Frau. Oder gibt es noch mehr Kollateralschäden als die selige Radfahrerin aus Berlin?,2022-11-15,lastgen,reply,other,0.932061493396759
90975,1585691334328754177,Friendly neighbour next door. 👨‍🌾,"@MeckrigeZiege70 @Wiesenthaler @spd_nord @AufstandLastGen @Bundeskanzler Du bist kein Opfer von Terrorismus, nur weil Du im Stau stehst. \nDAS hier ist Terror 😢➡️ https://t.co/FwhzqSvg0M",2022-10-27,lastgen,reply,other,0.8093558549880981
83144,1588856178192584705,Axel S.,"@AufstandLastGen @Bundeskanzler @c_lindner @Wissing Das Leben ist keine Waldorfschule. Utopische Denkmuster verzerren den Realitätsbezug und fördern damit Psychosen. Die Realität ist komplexer, als sie sich ein Mensch überhaupt vorstellen kann. Daher neigt der Mensch auch dazu, komplexe Inhalte zu vereinfachen.",2022-11-05,lastgen,reply,other,0.7434734106063843
81344,1589601444969472000,diemitdemkrisenstabheult,Das Bundeswirtschaftsministerium stützte die „Letzte Generation“ mit Fördergeldern https://t.co/i5y9yIKaTY,2022-11-07,lastgen,retweet,other,0.781053364276886
11538,1573202680884912129,The Climate Champions Club,School strike week 214. #FridaysForFuture #ClimateStrike #PeopleNotProfit https://t.co/D54mrJVxoW,2022-09-23,fff,retweet,other,0.7477781772613525
60625,1600741927535935488,Katharina Münz [die mit Wikingern im Herzen],"Die Leute von #LetzteGeneration sind Opfer einer Angsterkrankung. Sie einfach ihren Wahn ausleben lassen, kann kein Weg sein. Psychologen sollen gegen Phobien helfen können.",2022-12-08,lastgen,retweet,other,0.6018935441970825
12075,1571971323580088326,Planeteer Alliance,"Robert and his family will STRIKE this weekend to raise awareness about the crippling climate change affecting his city of Toronto, Ontario, and all over the world.\nRobert + other Planeteers are striking for a solution!\n#FridaysForFuture \n#PeopleNotProfit\n#GlobalClimateStrike https://t.co/OfODqYFJi9",2022-09-19,fff,original,other,0.8906108140945435
17275,1555519776495177730,Weber,@Luisamneubauer Ich warte immer noch auf den Aufruf 50% des Taschengeld es zu spenden um einen FFF Energiepark zu gründen! Auch auf den Verzicht von instagram und Co. Also dies extremen Co2 Schleudern! Immer die anderen ihr seid langweilig.,2022-08-05,fff,reply,other,0.8807516098022461
17778,1553093973731954688,HAMONET Jean-François,2000 billion US dollars will not replace the importance of water for humans. @Min_HydroRDC we can't drink oil. @Evebazaiba @PatrickMuyaya I say no to the sale of new oil blocks in the DRC. #27BP3BG #NoNewOilBlocks #BiodiversityNotOil #FridaysForFuture \n@Riseupmovt @RiseUpMovDRC https://t.co/2gGf45Lfx4,2022-07-29,fff,retweet,other,0.7766807675361633
1791,1599516808695844864,Arik Ring - Energy Engineering Expert,"@TheRealNumber6 @RisePDX @Jackthelad1947 @pegb_ @SaleemulHuq @raduede @Tecgale @MarianSmedley @kirillklip @MLCzone @NPSusa @iwantmynbn @sddphoto @JukkaPSeppl @lillith6 @markburgerenerg @ProfStrachan @01000011CS @dannyksfun @NJdoc @a_fly_guy @suekhi @EarthAccounting @JJ_Angelus @Grondavia @KAdnoub @7adair @kcorr54 @jurylady5 @Totalrecoverys1 @AnneKepplinger @ChristineMilne @ECOWARRIORSS @OrbPlanet @SOLARLIFE @DrJDrooghaag @energyisle @GeraldKutney @devindthorpe @AmazingChevVolt @KathyGrants @JunagarhMedia @DawnRoseTurner @chuddles11 @BSuhic @suestroud @JodiKoberinski Growing Plants &amp; Clean #Solar #Energy Simultaneously\nYou've Got 2 ❤️ AgroVoltaics!\n\nPls Share, Thanks\n\n#ClimateAction #Carbon\n#Sustainability #SDGs\n#FridaysForFuture #DemVoice1\n#ClimateCrisis #Renewables #CO2\n#Tech #COP27 #ClimateEmergency \n@PawlowskiMario @HarassNoMore @Eesy20 https://t.co/m8qJSUVnr6",2022-12-04,fff,reply,other,0.8967134356498718
5078,1585585705195298816,Bhavik Nalin Shrimal,Good Stocks available at Discount to 52 Week Highs. \n#PiramalEnterprises #Solara #Tanla #Zensar #Zomato #IEX #MangaloreRefinery #MetroPolis \n\n#Fintech #PreIPO #Unlsited #UnlistedShares #FridaysForFuture #GreenNewDeal #Stocks #BSE #NSE #Sensex #Nifty https://t.co/YZds9cv9lP,2022-10-27,fff,retweet,other,0.9289049506187439
63556,1599425080529862657,Weirdiot Sandwich,"Ich habe den Eindruck, dass vielen (Medien) die Dimension des Innenminister:innen-Beschlusses zur möglichen Einstufung der #LetzteGeneration als „Kriminelle Vereinigung“ nicht ganz bewusst ist. Deshalb ein 🧵 1/8 https://t.co/GpBwu8L127",2022-12-04,lastgen,retweet,other,0.7372115254402161
15824,1560574501137555456,Bahandagira dixon,School strike for climate action #FridaysForFuture #PeopleNotProfit https://t.co/LBTZxdIlOK,2022-08-19,fff,original,other,0.6442249417304993
54276,1603031816541290496,Klaus Michael Baesel(Benjamin-Reader),Gibt es Verbindungen zwischen @wef/@ProfKlausSchwab und @AufstandLastGen?🤔,2022-12-14,lastgen,original,other,0.8969123959541321
86386,1588254978711646208,Wolf Stark,"@andreasdotorg @Lambsdorff @AufstandLastGen Ich rede ausschließlich über diesen Fall, weil er das Thema ist. Andere Fälle sind Off-Topic. Warum über die Stauursache? Weil keiner andere Elemente der Kausalkette verteidigt, da brauche ich also nichts zu zu schreiben. Und Rechtsstaat und Grundgesetz sind mir nicht egal.",2022-11-03,lastgen,reply,other,0.9852213263511658
47267,1607114198651215877,El Jorge,@geparched @AufstandLastGen Was ist denn eine bessere Alternative?,2022-12-25,lastgen,reply,other,0.8227668404579163
17449,1554803305112535041,fairy,#FridaysForFuture #divest #endcoal #YouthStrike4Climate #schulstreik #VolksbegehrenArtenvielfalt #rettetdiebienen #ClimateEmergency #hambibleibt #hambi #climatechange #ActNOWForFuture #Newgreendeal #GretaThunberg #climatejustice #ClimateStrike #ExtinctionRebellion\n#AlleFuersKlima https://t.co/zYS0OafTIy,2022-08-03,fff,quote,other,0.8541873097419739
56344,1602662676961890306,VMtronic. @michelberger@bonn.social 🇺🇦,"@realTomBohn https://t.co/QxwiuYedfk \nBei der #LetzteGeneration finden sie Plakate und Kleber. Ziemlich genau dasselbe, ja?",2022-12-13,lastgen,quote,other,0.536541223526001
49946,1605657851132841995,Olaf Sundermeyer,"Heute wäre eine gute Gelegenheit für Redaktionen gewesen, beispielhaft die Strategie des „kalkulierten Skandals“ der @AufstandLastGen zu erklären, über die sie sehr erfolgreich die Aufmerksamkeitsökonomie bedient. Statt ihr dabei auf den Leim zu gehen. https://t.co/62KZzjkjlF",2022-12-21,lastgen,original,other,0.8554791212081909
78510,1590831442275487744,Bernd W.,"@carla_hinrichs_ @AufstandLastGen Notorische Kleinkriminelle, hoffentlich greifen hier ähnliche Festnahmen ala Bayern.",2022-11-10,lastgen,reply,other,0.8294515609741211
102046,1547926959883071488,🪖 Carlos Delgado,@AufstandLastGen Ich spende heute wieder ! Schließt euch mir an und spendet auch. Jeder Euro zählt. Du auch @RonnyKumpf wenn dir Menschen wichtig sind !,2022-07-15,lastgen,reply,other,0.9847118258476257
35423,1504801606323392516,Heron Cortizo,#International #ClimateStrike \n#FridaysForFuture\n#ClimateActionNow\n#PeaceNotWar\n------------\n#SierraLeone\n🇸🇱\n🕊 https://t.co/at0NdVu8DH,2022-03-18,fff,quote,other,0.8227570652961731
4178,1588688173143830529,Christian,"@ElliotStabler92 Warum blockieren sie nicht die Straßen, wenn die Leute \nvon der Arbeit nach Hause fahren und warum FFF, warum nicht SFF?",2022-11-05,fff,reply,other,0.9237074255943298
28095,1516227724922298372,Jim Panse,"@MatthiasBur @mayon12345 @FFF_Rostock @phoenix_de @ManuelaSchwesig @SPDMV @GrueneBundestag @GruenClaudia Ziemlich schlecht gealtert deine Tweets, ich muss schon sagen. Das war nicht so schlau, Matthias.",2022-04-19,fff,reply,other,0.5115610957145691
54802,1602935529825353728,Stefan,@AufstandLastGen Mal ne Frage: ist Sekundenkleber nicht auch ziemlich umweltschädigend?,2022-12-14,lastgen,reply,other,0.6300157904624939
82531,1589022208378032128,bin auch auf mastodon @isternst@social.techncs.de,"Judith (42, 2fache Mutter) hat am Donnerstag in München blockiert.\nNun sind sie und mind. 7 weitere #LetzteGeneration-Menschen für 4 Wochen in Gewahrsam.\n\nIhr könnt den Alarm stilllegen, die Klimakatastrophe aber nicht. Der verfassungsfeindl. Kurs der Regierung könnte alle töten! https://t.co/4Fk0GI4KFk",2022-11-05,lastgen,retweet,other,0.6988914608955383
28973,1513168520078573572,Ka Ren,"The Earth does not need more 'successful' people. The planet desperately needs More Peacemakers, Healers, Restores, storytellers and lovers of all kind. ~Dalai Lama\nBE THE CHANGE‼️\n#ClimateCrisis #FridaysForFuture #CleanEnergy #conservation #ClimateEmergency https://t.co/Eyym8tG3OQ",2022-04-10,fff,retweet,other,0.8812706470489502
112493,1515363429141434372,Niemand wirklich Niemand,https://t.co/vScGS5YoNb,2022-04-16,lastgen,original,other,0.8188149333000183
100588,1556674899305025539,Miles B. Hind | darf Libertarismus so sexy sein?,"@AndreasIsaak1 @AufstandLastGen Ist egal. Lies die Bücher von Schwab, Göpel, Habeck.\nSo-zia-lis-mus. 🤮",2022-08-08,lastgen,reply,other,0.8664282560348511
35925,1502784378631606274,Gregory Tewksbury,"We cannot deny what is happening all around with the climate, we need to stand out and take action.\n@Riseupmovt \n#fridaysforfuture https://t.co/cwnhJIWXaa",2022-03-12,fff,retweet,other,0.8015115857124329
101212,1551427148254175235,ThomasBO,"@M_Ostermann @AufstandLastGen Die Menschen haben gelinde gesagt die Nase voll von ""Einzelfällen"" beim #Polizeiproblem . Radikale und Extremisten toleriert man nämlich nicht, man bekämpft sie mit allen rechtsstaatlichen Mitteln.",2022-07-25,lastgen,retweet,other,0.6098629236221313
24673,1527628968857415683,"Morgaine DRACARYS Pen, #Solarpunk",School strike for climate. We can't adapt to loss and damage.\n#SchoolStrike4Climate #FridaysForFuture  @GretaThunberg @Riseupmovt https://t.co/TrPmI7JaTE,2022-05-20,fff,retweet,other,0.7175412178039551
31474,1507730093027770371,M.M.,"So sieht es übrigens nach einer #FridaysForFuture Demo aus, bei der gegen den Klimawandel protestiert wird\n\nGlaubwürdigkeit geht anders https://t.co/jRNoe8ERB8",2022-03-26,fff,retweet,other,0.9931833744049072
103553,1545840140173692932,Tom von Berlin 🇩🇪,@AufstandLastGen Letzte Generation so: mimimimi,2022-07-09,lastgen,reply,other,0.8720797896385193
35868,1503144920881762304,fairy,#FridaysForFuture #divest #endcoal #YouthStrike4Climate #schulstreik #VolksbegehrenArtenvielfalt #rettetdiebienen #ClimateEmergency #hambibleibt #hambi #climatechange #ActNOWForFuture #Newgreendeal #GretaThunberg #climatejustice #ClimateStrike #ExtinctionRebellion\n#AlleFuersKlima https://t.co/mwv7xmnM9L,2022-03-13,fff,quote,other,0.8594903349876404
20854,1541846741917569026,Jane Eden,#GlobalWarming #FridaysForFuture #ClimateChange #Renewables  #Greenwashing   #ClimateStrike  #ExtinctionRebellion #ClimateCrisis  #ClimateAction               \n\nYou've been fooled by Greta Thunberg: https://t.co/Aa0yXsz6jq,2022-06-28,fff,retweet,other,0.7301533818244934
27283,1518224776178847749,Krakentag,"Never forget das Joko Winterscheidt strategisch 2019 weiter war, als FFF 2 Jahre später. https://t.co/YcCSsxxIJu",2022-04-24,fff,retweet,other,0.9425380825996399
110691,1523756843239378944,Drakuleo,@satnik21 @DerCheapi @AufstandLastGen @bmel Dann sind wir schon zwei👌,2022-05-09,lastgen,reply,other,0.8782637715339661
19300,1547890509967831041,★ Neuro the Do-Nothing Bf ★,Climate strike week 204. #FridaysForFuture #ClimateStrike https://t.co/PdLoHntono,2022-07-15,fff,retweet,other,0.7681924700737
27347,1517944684760510467,B. B. Singh-Ebinger 😷,"School strike week 192. This is not a “happy earth day”. It never has been. #EarthDay has turned into an opportunity for people in power to post their “love” for the planet, while at the same time destroying it at maximum speed. #PeopleNotProfit #FridaysForFuture #ClimateStrike https://t.co/2Lv7sLEKyZ",2022-04-23,fff,retweet,other,0.6830570697784424
62957,1599742285750468609,@HeadSoccer@climatejustice.social,@SilvaAtTwitta @AufstandLastGen @SvenHillenkamp Friedmann ja. Übrigens gibt es bei LG auch Menschen die das studiert haben.,2022-12-05,lastgen,reply,other,0.9470469355583191
